Vial Number,Location,V103-1,V103-2,V104-1,V104-2,V19-1,V19-2,V135-1,V135-2,Apo4-1,Apo4-2,V54-1,V54-2,V53-1,V53-2,Apo5-1,Apo5-2,Apo7-1,Apo7-2,V133-1,V133-2,V94-1,V94-2,V109-1,V109-2,V145-1,V145-2,V118-1,V118-2,V127-1,V127-2,V17-1,V17-2,,Long,Lat,Vial Number,Species,Sample Type,Date,Location,Sex,Missing
5721,Alberton,175,178,327,327,468,472,100,104,224,224,452,452,0,0,190,190,205,211,152,156,450,450,212,212,191,195,118,118,114,122,496,496,,146.666667,-38.616667,5721,Axis porcinus,skin,4/25/2019,Alberton,M,1
15,Bengworden,175,178,327,330,468,476,100,104,224,224,452,456,452,456,190,190,205,205,156,156,450,450,218,218,191,191,118,118,114,118,496,496,,147.4629594,-37.97497194,15,Axis porcinus,Tissue,,Bengworden,M,0
19,Bengworden,178,178,327,327,468,468,100,100,216,224,456,456,452,456,190,196,211,211,152,156,450,450,212,212,191,195,130,130,114,118,496,496,,147.4629594,-37.97497194,19,Axis porcinus,Tissue,,Bengworden,F,0
20,Bengworden,175,178,327,330,472,472,100,104,216,216,452,452,452,452,190,196,205,211,156,156,450,450,212,218,191,195,118,118,114,114,496,496,,147.4629594,-37.97497194,20,Axis porcinus,Tissue,,Bengworden,M,0
21,Bengworden,175,178,327,327,468,472,104,104,216,216,452,452,452,452,190,190,205,211,156,156,450,450,218,218,191,191,118,118,118,122,496,496,,147.4629594,-37.97497194,21,Axis porcinus,Tissue,,Bengworden,M,0
36,Bengworden,175,178,327,330,468,468,100,104,216,224,452,456,452,456,190,196,211,211,152,156,450,450,212,218,191,195,130,130,118,122,496,496,,147.4629594,-37.97497194,36,Axis porcinus,Tissue,,Bengworden,M,0
381,Bengworden,178,178,327,330,468,472,104,104,216,224,452,452,452,452,190,190,211,211,156,156,450,450,212,218,191,195,118,130,114,118,496,496,,147.4629594,-37.97497194,381,Axis porcinus,Tissue,,Bengworden,M,0
399,Bengworden,175,178,327,327,472,476,100,104,216,224,452,456,452,452,190,190,211,211,152,152,450,450,212,218,191,191,130,130,114,118,496,496,,147.4629594,-37.97497194,399,Axis porcinus,Tissue,,Bengworden,M,0
566,Bengworden,175,178,330,330,468,468,100,104,224,224,452,452,452,452,190,196,211,211,156,156,450,450,218,218,191,195,118,130,122,122,0,0,,147.4629594,-37.97497194,566,Axis porcinus,Tissue,,Bengworden,M,1
624,Bengworden,175,178,330,330,476,476,100,104,224,224,452,456,452,452,190,196,205,205,152,156,450,450,218,218,195,195,118,118,122,122,0,0,,147.4629594,-37.97497194,624,Axis porcinus,Tissue,,Bengworden,M,1
394,Bengworden,175,178,327,327,468,476,100,104,216,216,452,456,452,452,190,190,211,211,156,156,450,450,218,218,191,195,118,130,118,122,0,0,,147.4629594,-37.97497194,394,Axis porcinus,Tongue,4/20/2016,Bengworden,M,1
5581,Bengworden,175,178,327,330,468,468,104,104,216,216,452,452,452,452,190,190,205,211,156,156,450,450,218,218,191,195,118,118,114,122,496,496,,147.4629594,-37.97497194,5581,Axis porcinus,skin,43557,Bengworden,M,0
23,Blond Bay,175,178,327,330,468,472,100,104,216,224,452,456,452,452,190,190,211,211,156,156,450,450,218,218,191,195,118,130,122,122,496,496,,147.5037468,-38.0159132,23,Axis porcinus,Tissue,,Blond Bay,M,0
49,Blond Bay,178,178,327,330,472,472,100,104,216,216,452,452,452,452,190,190,211,211,152,156,450,450,212,218,191,195,118,118,114,122,496,496,,147.5037468,-38.0159132,49,Axis porcinus,Tissue,,Blond Bay,F,0
50,Blond Bay,175,178,327,327,468,472,100,100,216,224,452,452,452,452,190,190,205,205,152,156,446,450,212,218,195,195,118,130,114,118,496,496,,147.5037468,-38.0159132,50,Axis porcinus,Tissue,,Blond Bay,M,0
351,Blond Bay,175,178,327,327,468,468,100,100,216,224,456,456,452,456,190,196,211,211,152,152,446,446,218,218,195,195,130,130,114,122,0,0,,147.5037468,-38.0159132,351,Axis porcinus,Tissue,,Blond Bay,M,1
353,Blond Bay,178,178,327,330,468,468,104,104,216,224,452,456,452,456,190,190,211,211,156,156,450,450,212,218,195,195,118,130,122,122,496,496,,147.5037468,-38.0159132,353,Axis porcinus,Tissue,,Blond Bay,F,0
354,Blond Bay,175,178,327,327,468,468,100,104,216,224,452,456,452,456,190,196,211,211,156,156,450,450,218,218,191,191,118,118,122,122,496,496,,147.5037468,-38.0159132,354,Axis porcinus,Tissue,,Blond Bay,M,0
355,Blond Bay,178,178,327,327,468,468,104,104,216,224,452,456,452,452,190,196,205,211,156,156,450,450,218,218,191,195,118,130,118,122,0,0,,147.5037468,-38.0159132,355,Axis porcinus,Tissue,,Blond Bay,F,1
356,Blond Bay,178,178,327,327,468,468,100,104,216,224,452,456,452,452,190,196,205,205,152,156,450,450,218,218,191,191,118,130,118,122,496,496,,147.5037468,-38.0159132,356,Axis porcinus,Tissue,,Blond Bay,M,0
374,Blond Bay,178,178,327,327,468,468,104,104,224,224,452,456,452,456,190,196,211,211,152,156,450,450,218,218,191,191,118,118,114,118,0,0,,147.5037468,-38.0159132,374,Axis porcinus,Tissue,,Blond Bay,F,1
376,Blond Bay,175,178,327,330,468,468,100,100,216,216,452,452,452,452,190,190,211,211,152,156,450,450,218,218,195,195,118,118,114,122,496,496,,147.5037468,-38.0159132,376,Axis porcinus,Tissue,,Blond Bay,M,0
950,Blond Bay,0,0,327,330,0,0,104,104,216,224,0,0,0,0,196,196,211,211,156,156,446,450,218,218,191,195,118,130,114,118,0,0,,147.5037468,-38.0159132,950,Axis porcinus,Tissue,,Blond Bay,M,5
941,Blond Bay,178,178,330,330,468,472,104,104,216,224,452,456,0,0,190,190,211,211,152,156,450,450,212,218,191,195,118,130,122,122,496,496,,147.5037468,-38.0159132,941,Axis porcinus,skin,2/23/17,Blond Bay,F,1
946,Blond Bay,178,178,327,330,468,472,100,104,0,0,452,456,0,0,190,190,211,211,152,156,450,450,218,218,195,195,118,130,114,118,496,496,,147.5037468,-38.0159132,946,Axis porcinus,skin,42980,Blond Bay,F,2
947,Blond Bay,178,178,327,327,468,468,104,104,216,224,452,456,0,0,190,196,205,211,156,156,450,450,218,218,191,191,118,118,122,122,496,496,,147.5037468,-38.0159132,947,Axis porcinus,Tongue,42949,Blond Bay,F,1
12,Boole Poole,175,175,327,330,468,468,100,104,216,224,452,452,452,452,190,196,205,205,152,156,450,450,212,218,191,195,118,118,114,122,496,496,,147.7902372,-37.89932472,12,Axis porcinus,Tissue,,Boole Poole,M,0
13,Boole Poole,175,178,330,330,468,472,100,104,224,224,452,456,452,452,190,190,211,211,152,156,450,450,218,218,195,195,118,118,118,122,0,0,,147.7902372,-37.89932472,13,Axis porcinus,Tissue,,Boole Poole,M,1
14,Boole Poole,175,178,327,330,472,472,104,104,216,216,452,456,452,452,190,196,205,211,152,152,450,450,218,218,191,195,118,118,122,122,0,0,,147.7902372,-37.89932472,14,Axis porcinus,Tissue,,Boole Poole,M,1
16,Boole Poole,178,178,327,330,476,476,104,104,224,224,452,456,452,456,190,190,205,211,152,156,450,450,218,218,191,195,118,118,122,122,496,496,,147.7902372,-37.89932472,16,Axis porcinus,Tissue,,Boole Poole,M,0
27,Boole Poole,175,178,327,330,472,476,104,104,216,224,452,452,452,452,190,196,205,205,152,152,0,0,218,218,191,191,118,118,118,122,496,496,,147.7902372,-37.89932472,27,Axis porcinus,Tissue,,Boole Poole,M,1
28,Boole Poole,175,178,330,330,472,476,104,104,216,224,452,456,452,456,190,190,205,211,156,156,450,450,218,218,191,195,118,130,114,122,496,496,,147.7902372,-37.89932472,28,Axis porcinus,Tissue,,Boole Poole,M,0
30,Boole Poole,175,178,327,330,472,476,104,104,216,224,452,452,452,452,190,196,211,211,152,156,450,450,218,218,191,191,118,118,122,122,496,496,,147.7902372,-37.89932472,30,Axis porcinus,Tissue,,Boole Poole,M,0
31,Boole Poole,178,178,327,330,472,472,104,104,224,224,452,452,452,452,190,190,205,205,152,152,450,450,218,218,195,195,118,118,118,122,496,496,,147.7902372,-37.89932472,31,Axis porcinus,Tissue,,Boole Poole,F,0
35,Boole Poole,175,178,330,330,472,476,104,104,224,224,452,452,452,452,190,190,205,205,156,156,450,450,218,218,195,195,118,118,118,122,0,0,,147.7902372,-37.89932472,35,Axis porcinus,Tissue,,Boole Poole,M,1
41,Boole Poole,175,178,330,330,472,476,104,104,216,216,452,452,452,452,190,190,205,205,152,156,450,450,212,218,195,195,118,130,114,114,496,496,,147.7902372,-37.89932472,41,Axis porcinus,Tissue,,Boole Poole,M,0
42,Boole Poole,178,178,327,330,468,476,104,104,216,224,452,456,452,452,190,196,205,205,152,156,446,446,218,218,195,195,118,118,114,118,496,496,,147.7902372,-37.89932472,42,Axis porcinus,Tissue,,Boole Poole,F,0
44,Boole Poole,178,178,327,330,472,476,104,104,224,224,452,452,452,452,190,190,205,205,152,156,450,450,218,218,191,195,118,130,122,122,496,496,,147.7902372,-37.89932472,44,Axis porcinus,Tissue,,Boole Poole,M,0
46,Boole Poole,175,178,330,330,472,472,104,104,216,224,452,452,452,452,190,196,205,205,152,156,450,450,218,218,195,195,118,130,118,122,496,496,,147.7902372,-37.89932472,46,Axis porcinus,Tissue,,Boole Poole,M,0
48,Boole Poole,175,178,327,327,472,476,104,104,216,224,452,452,452,452,196,196,205,211,152,156,450,450,218,218,191,195,118,118,122,122,0,0,,147.7902372,-37.89932472,48,Axis porcinus,Tissue,,Boole Poole,M,1
352,Boole Poole,178,178,327,330,468,472,104,104,216,216,452,452,452,452,190,190,205,211,152,152,450,450,218,218,195,195,118,118,114,122,496,496,,147.7902372,-37.89932472,352,Axis porcinus,Tissue,,Boole Poole,M,0
358,Boole Poole,178,178,330,330,476,476,100,104,216,224,452,456,452,452,190,190,211,211,152,152,450,450,218,218,191,195,118,118,122,122,496,496,,147.7902372,-37.89932472,358,Axis porcinus,Tissue,,Boole Poole,M,0
359,Boole Poole,175,178,327,330,472,476,104,104,224,224,452,452,452,452,190,190,211,211,156,156,450,450,218,218,195,195,118,118,118,122,0,0,,147.7902372,-37.89932472,359,Axis porcinus,Tissue,,Boole Poole,M,1
364,Boole Poole,178,178,327,330,472,472,104,104,224,224,452,456,452,452,190,190,205,211,156,156,450,450,218,218,191,195,118,118,118,122,496,496,,147.7902372,-37.89932472,364,Axis porcinus,Tissue,,Boole Poole,M,0
370,Boole Poole,175,178,330,330,472,476,104,104,216,216,452,456,452,456,190,190,205,205,152,152,446,450,218,218,191,195,118,118,122,122,0,0,,147.7902372,-37.89932472,370,Axis porcinus,Tissue,,Boole Poole,M,1
378,Boole Poole,175,178,327,330,472,476,104,104,224,224,452,452,452,452,190,190,205,205,152,156,446,450,218,218,191,191,118,118,122,122,496,496,,147.7902372,-37.89932472,378,Axis porcinus,Tissue,,Boole Poole,M,0
380,Boole Poole,175,178,330,330,472,476,104,104,216,224,452,452,452,452,190,190,211,211,156,156,450,450,218,218,195,195,118,118,122,122,496,496,,147.7902372,-37.89932472,380,Axis porcinus,Tissue,,Boole Poole,M,0
382,Boole Poole,178,178,327,330,472,476,104,104,216,224,456,456,452,452,190,190,205,211,152,156,450,450,218,218,195,195,118,118,118,122,496,496,,147.7902372,-37.89932472,382,Axis porcinus,Tissue,,Boole Poole,M,0
387,Boole Poole,175,178,327,330,472,476,104,104,216,224,452,452,452,452,190,196,205,211,152,152,450,450,218,218,195,195,118,118,118,122,0,0,,147.7902372,-37.89932472,387,Axis porcinus,Tissue,,Boole Poole,M,1
389,Boole Poole,175,178,330,330,472,476,104,104,224,224,452,452,452,452,190,196,205,211,152,156,450,450,212,218,191,195,118,118,114,122,496,496,,147.7902372,-37.89932472,389,Axis porcinus,Tissue,,Boole Poole,M,0
391,Boole Poole,175,178,330,330,476,476,104,104,216,224,452,452,452,452,190,190,205,211,152,156,450,450,218,218,191,195,118,118,122,122,496,496,,147.7902372,-37.89932472,391,Axis porcinus,Tissue,,Boole Poole,M,0
392,Boole Poole,178,178,327,330,472,476,104,104,216,224,452,452,452,452,190,190,205,205,152,156,450,450,218,218,191,191,118,118,110,122,0,0,,147.7902372,-37.89932472,392,Axis porcinus,Tissue,,Boole Poole,F,1
393,Boole Poole,175,178,327,330,472,476,104,104,216,224,452,456,452,452,190,190,211,211,152,156,450,450,218,218,191,195,118,118,122,122,496,496,,147.7902372,-37.89932472,393,Axis porcinus,Tissue,,Boole Poole,M,0
395,Boole Poole,175,178,330,330,472,476,100,104,216,224,452,456,452,452,190,196,205,205,152,156,446,450,212,218,191,195,118,118,114,122,496,496,,147.7902372,-37.89932472,395,Axis porcinus,Tissue,,Boole Poole,M,0
398,Boole Poole,175,178,330,330,472,472,104,104,216,224,452,452,452,452,190,190,205,211,152,156,446,450,218,218,191,195,118,130,114,118,496,496,,147.7902372,-37.89932472,398,Axis porcinus,Tissue,,Boole Poole,M,0
5622,Boole Poole,178,178,327,330,472,476,104,104,216,224,452,452,452,452,196,196,211,211,152,156,446,450,218,218,191,195,130,130,114,118,496,496,,147.7902372,-37.89932472,5622,Axis porcinus,skin,4/29/2019,Boole Poole,F,0
32,Clydebank,175,178,327,327,468,472,100,104,216,224,452,452,452,452,190,196,205,211,156,156,450,450,218,218,195,195,130,130,122,122,496,496,,147.1474819,-38.0463162,32,Axis porcinus,Tissue,,Clydebank,M,0
360,Clydebank,175,178,327,327,468,472,100,104,216,224,452,456,452,452,190,196,205,211,156,156,446,450,218,218,191,195,118,118,122,122,0,0,,147.1474819,-38.0463162,360,Axis porcinus,Tissue,,Clydebank,M,1
361,Clydebank,175,178,327,330,468,472,100,104,216,224,452,452,452,452,190,196,205,205,156,156,450,450,218,218,191,195,130,130,122,122,0,0,,147.1474819,-38.0463162,361,Axis porcinus,Tissue,,Clydebank,M,1
363,Clydebank,175,178,327,327,472,472,100,104,216,224,452,452,452,452,190,196,205,211,156,156,450,450,218,218,191,195,118,118,122,122,0,0,,147.1474819,-38.0463162,363,Axis porcinus,Tissue,,Clydebank,M,1
373,Clydebank,178,178,327,327,468,468,104,104,216,224,452,456,452,452,192,196,205,205,156,156,450,450,218,218,191,195,118,130,122,122,496,496,,147.1474819,-38.0463162,373,Axis porcinus,Tissue,,Clydebank,M,0
385,Clydebank,175,178,330,330,468,468,104,104,222,224,452,452,0,0,190,190,205,211,156,156,450,450,218,218,191,191,118,130,114,114,496,496,,147.1474819,-38.0463162,385,Axis porcinus,Tissue,,Clydebank,M,1
590,Clydebank,175,178,327,330,468,472,104,104,216,216,452,452,452,452,190,190,205,205,156,156,446,450,212,218,191,195,130,130,114,122,496,496,,147.1474819,-38.0463162,590,Axis porcinus,Tissue,,Clydebank,M,0
591,Clydebank,178,178,327,330,468,476,104,104,216,216,452,452,452,452,190,190,205,211,152,152,450,450,218,218,191,195,118,118,114,118,496,496,,147.1474819,-38.0463162,591,Axis porcinus,Tissue,,Clydebank,F,0
914,Clydebank,175,178,327,330,472,476,100,104,216,224,452,452,0,0,190,196,205,211,152,152,450,450,212,218,191,195,118,118,122,122,496,496,,147.1474819,-38.0463162,914,Axis porcinus,Tongue,42829,Clydebank,M,1
5655,Clydebank,178,178,330,330,468,468,100,104,216,224,452,452,452,452,196,196,205,211,156,156,450,450,218,218,195,195,118,118,114,122,496,496,,147.1474819,-38.0463162,5655,Axis porcinus,skin,43469,Clydebank,F,0
5687,Clydebank,175,178,330,330,472,476,104,104,216,216,452,456,0,0,190,196,205,211,152,156,450,450,218,218,191,191,118,130,122,122,496,496,,147.1474819,-38.0463162,5687,Axis porcinus,skin,43566,Clydebank,M,1
633,Clydebank,175,178,327,327,468,472,104,104,216,224,452,452,452,452,190,190,205,211,156,156,450,450,218,218,195,195,118,118,122,122,496,496,,147.1474819,-38.0463162,633,Axis porcinus,Tongue,4/30/16,Clydebank,M,0
857,Clydebank,178,178,327,327,468,468,104,104,216,224,452,452,452,452,190,196,205,205,156,156,450,450,218,218,195,195,118,118,114,118,496,496,,147.1474819,-38.0463162,857,Axis porcinus,skin,42373,Clydebank,F,0
891,Clydebank,175,178,327,330,468,468,104,104,224,224,452,456,452,452,190,190,205,205,156,156,446,450,218,218,195,195,118,118,122,122,496,496,,147.1474819,-38.0463162,891,Axis porcinus,Tongue,4/16/17,Clydebank,M,0
935,Clydebank,175,178,327,330,468,468,100,100,224,224,452,452,452,452,196,196,211,211,152,156,446,450,212,218,191,195,118,118,122,122,496,496,,147.1474819,-38.0463162,935,Axis porcinus,Tongue,42739,Clydebank,M,0
936,Clydebank,178,178,327,330,468,472,100,104,216,224,452,452,452,452,190,196,211,211,152,156,446,450,218,218,191,195,118,130,114,122,496,496,,147.1474819,-38.0463162,936,Axis porcinus,skin,42739,Clydebank,F,0
592,Dowds Morass,175,178,330,330,468,476,100,104,216,216,452,452,452,452,190,190,205,211,152,156,450,450,218,218,191,195,130,130,118,122,496,496,,147.219764,-38.139607,592,Axis porcinus,Tongue,42433,Dowds Morass,M,0
558,Dowds Morass,175,178,327,330,476,476,96,104,216,224,456,456,452,452,190,196,211,211,152,156,446,450,218,218,191,195,118,130,114,122,496,496,,147.219764,-38.139607,558,Axis porcinus,Tongue,4/28/2016,Dowds Morass,M,0
876,Dowds Morass,175,178,327,330,468,472,104,104,216,224,452,456,0,0,190,190,211,211,152,156,446,450,218,218,195,195,130,130,122,122,496,496,,147.219764,-38.139607,876,Axis porcinus,Tongue,42951,Dowds Morass,M,1
888,Dowds Morass,175,178,327,330,472,472,100,104,216,224,452,452,452,452,190,196,205,211,156,156,446,450,218,218,191,195,118,118,122,122,496,496,,147.219764,-38.139607,888,Axis porcinus,Tongue,4/15/2017,Dowds Morass,M,0
5668,Dowds Morass,178,178,327,330,468,472,104,104,224,224,452,452,452,452,190,196,211,211,152,156,450,450,218,218,191,195,130,130,114,114,496,496,,147.219764,-38.139607,5668,Axis porcinus,skin,43557,Dowds Morass,F,0
854,Dowds Morass,175,178,330,330,468,476,100,104,224,224,452,456,452,452,190,190,205,205,152,156,450,450,218,218,191,195,118,130,114,118,496,496,,147.219764,-38.139607,854,Axis porcinus,Tongue,42739,Dowds Morass,M,0
5652,Dutson,175,178,327,330,476,476,104,104,216,216,452,452,0,0,190,196,205,211,152,156,446,450,218,218,191,195,118,118,114,118,496,496,,147.2074198,-38.17385579,5652,Axis porcinus,skin,43556,Dutson,M,1
870,Dutson Downs,175,178,327,327,468,472,100,100,216,224,452,452,0,0,190,196,205,205,156,156,450,450,218,218,191,191,118,118,114,118,496,496,,147.3193881,-38.20329348,870,Axis porcinus,Tongue,42798,Dutson Downs,M,1
5672,Eel Farm,175,178,327,330,472,472,100,104,224,224,452,456,0,0,190,196,205,205,156,156,446,450,218,218,195,195,118,118,114,118,496,496,,147.4558975,-38.086998,5672,Axis porcinus,skin,43557,Eel Farm,M,1
5686,Eel Farm,178,178,327,330,468,476,100,104,216,224,452,452,452,452,190,190,205,211,152,156,450,450,218,218,195,195,118,118,122,122,496,496,,147.4558975,-38.086998,5686,Axis porcinus,skin,43566,Eel Farm,F,0
634,Fish Creek,178,178,327,327,468,472,104,104,216,224,452,456,452,452,190,196,205,211,156,156,450,450,218,218,191,195,118,118,118,122,496,496,,146.0877272,-38.7043518,634,Axis porcinus,Tongue,4/29/2016,Fish Creek,F,0
104,Foster,175,178,327,327,468,472,100,104,216,224,452,456,452,456,190,196,211,211,156,156,450,450,218,218,195,195,118,118,114,114,496,496,,146.2,-38.65,104,Axis porcinus,Tongue,42008,Foster,M,0
614,Foster,175,178,327,330,468,476,104,104,216,224,452,456,452,456,190,190,205,205,152,156,450,450,218,218,191,195,118,118,114,118,496,496,,146.2,-38.65,614,Axis porcinus,Tongue,42433,Foster,M,0
5705,Foster,178,178,327,330,468,468,100,100,216,216,452,452,0,0,190,196,205,211,152,156,450,450,218,218,195,195,118,118,118,118,496,496,,146.2,-38.65,5705,Axis porcinus,skin,43557,Foster,F,1
17,Gelliondale,175,178,327,327,468,472,104,104,216,216,452,456,452,456,190,190,205,211,152,156,450,450,218,218,191,195,118,130,114,118,496,496,,146.604753,-38.6277438,17,Axis porcinus,Tissue,,Gelliondale,M,0
103,Gelliondale,175,178,327,330,472,476,104,104,216,224,452,456,452,456,190,196,211,211,156,156,450,450,218,218,195,195,118,130,114,114,496,496,,146.604753,-38.6277438,103,Axis porcinus,Tissue,,Gelliondale,M,0
106,Gelliondale,175,178,327,330,472,472,100,104,224,224,452,452,452,452,190,196,211,211,156,156,446,450,218,218,191,191,118,130,114,118,496,496,,146.604753,-38.6277438,106,Axis porcinus,Tissue,,Gelliondale,M,0
108,Gelliondale,178,178,327,330,472,472,100,104,216,216,452,456,452,452,190,196,205,205,156,156,450,450,218,218,191,195,118,130,122,122,496,496,,146.604753,-38.6277438,108,Axis porcinus,Tissue,,Gelliondale,M,0
115,Gelliondale,175,178,330,330,468,468,100,104,216,224,456,456,452,452,196,196,205,211,156,156,450,450,218,218,195,195,130,130,114,118,496,496,,146.604753,-38.6277438,115,Axis porcinus,Tissue,,Gelliondale,M,0
593,Gelliondale,175,178,327,330,468,468,100,104,216,224,452,456,452,452,190,190,205,211,156,156,446,450,218,218,195,195,118,130,122,122,0,0,,146.604753,-38.6277438,593,Axis porcinus,Tissue,,Gelliondale,M,1
601,Gelliondale,175,178,327,330,468,476,104,104,216,224,456,456,452,456,190,190,211,211,156,156,450,450,218,218,195,195,118,130,118,118,0,0,,146.604753,-38.6277438,601,Axis porcinus,Tissue,,Gelliondale,M,1
873,Gelliondale,175,178,327,330,476,476,104,104,216,224,452,452,452,452,190,190,205,205,152,156,446,450,218,218,195,195,118,130,118,118,496,496,,146.604753,-38.6277438,873,Axis porcinus,Tongue,42859,Gelliondale,M,0
5710,Gelliondale,175,178,327,330,472,476,100,104,224,224,452,452,0,0,190,190,205,211,156,156,450,450,212,218,191,195,118,118,114,122,496,496,,146.604753,-38.6277438,5710,Axis porcinus,skin,43562,Gelliondale,M,1
5724,Gelliondale,175,178,327,327,468,476,100,104,216,216,452,456,0,0,196,196,211,211,156,156,450,450,218,218,195,195,118,130,114,122,496,496,,146.604753,-38.6277438,5724,Axis porcinus,skin,4/28/2019,Gelliondale,M,1
801,Gelliondale,175,178,330,330,468,472,100,104,216,224,452,452,452,452,190,196,205,205,156,156,446,450,218,218,191,195,118,130,114,118,496,496,,146.604753,-38.6277438,801,Axis porcinus,Tongue,42739,Gelliondale,M,0
869,Gelliondale,178,178,0,0,468,472,100,104,216,224,452,452,452,452,190,190,211,211,152,156,450,450,218,218,191,195,130,130,114,122,496,496,,146.604753,-38.6277438,869,Axis porcinus,Tongue,42798,Gelliondale,F,1
584,Gellions Run,178,178,327,330,468,476,104,104,224,224,452,452,452,452,190,190,205,211,156,156,450,450,218,218,195,195,118,118,114,122,496,496,,146.6400989,-38.66537422,584,Axis porcinus,Tongue,42464,Gellions Run,F,0
367,Gippsland Lakes Coastal Park,175,178,330,330,472,476,104,104,224,224,452,452,452,452,190,196,205,205,156,156,446,450,218,218,191,195,118,118,118,122,496,496,,147.5419531,-38.0739783,367,Axis porcinus,Tongue,42433,Gippsland Lakes Coastal Park,M,0
885,Gippsland Lakes Coastal Park,175,178,330,330,472,476,104,104,216,224,452,456,0,0,190,196,211,211,156,156,450,450,218,218,191,195,118,118,114,118,496,496,,147.5419531,-38.0739783,885,Axis porcinus,Tongue,4/13/2017,Gippsland Lakes Coastal Park,M,1
897,Gippsland Lakes Coastal Park,175,178,327,330,468,472,104,104,216,224,452,452,452,452,190,196,205,205,152,156,450,450,218,218,191,195,118,118,122,122,496,496,,147.5419531,-38.0739783,897,Axis porcinus,Tongue,4/21/2017,Gippsland Lakes Coastal Park,M,0
899,Gippsland Lakes Coastal Park,175,178,327,330,472,472,100,104,216,224,452,452,452,452,190,196,205,211,152,156,446,450,218,218,191,191,118,118,122,122,496,496,,147.5419531,-38.0739783,899,Axis porcinus,Tongue,4/22/2017,Gippsland Lakes Coastal Park,M,0
853,Gippsland Lakes Coastal Park,178,178,327,327,472,472,104,104,216,224,452,452,452,452,190,190,205,205,152,156,450,450,218,218,195,195,118,118,114,122,496,496,,147.5419531,-38.0739783,853,Axis porcinus,Tongue,42739,Gippsland Lakes Coastal Park,F,0
871,Gippsland Lakes Coastal Park,175,178,327,330,468,468,100,104,216,224,452,452,452,452,190,190,205,205,156,156,450,450,218,218,195,195,118,118,114,118,496,496,,147.5419531,-38.0739783,871,Axis porcinus,Tongue,42770,Gippsland Lakes Coastal Park,M,0
107,Golden Beach,175,178,330,330,476,476,104,104,216,224,452,452,452,452,190,196,205,205,156,156,450,450,218,218,191,195,118,118,114,118,496,496,,147.3757681,-38.2280947,107,Axis porcinus,Tongue,42008,Golden Beach,M,0
597,Golden Beach,175,178,330,330,472,476,100,100,216,216,456,456,452,456,190,190,205,205,152,152,446,450,218,218,191,195,118,118,114,122,0,0,,147.3757681,-38.2280947,597,Axis porcinus,Tongue,42404,Golden Beach,M,1
586,Golden Beach,175,178,327,327,468,476,104,104,216,224,452,456,452,452,190,190,211,211,156,156,446,450,218,218,195,195,118,118,122,122,496,496,,147.3757681,-38.2280947,586,Axis porcinus,skin,42464,Golden Beach,M,0
570,Golden Beach,178,178,327,330,468,468,100,104,216,224,452,456,452,456,190,190,211,211,156,156,450,450,218,218,195,195,118,118,114,118,496,496,,147.3757681,-38.2280947,570,Axis porcinus,Tongue,4/16/2016,Golden Beach,F,0
5584,Golden Beach,175,178,327,330,472,472,104,104,224,224,452,456,452,452,196,196,205,211,156,156,450,450,218,218,191,191,118,118,114,118,496,496,,147.3757681,-38.2280947,5584,Axis porcinus,skin,43562,Golden Beach,M,0
5585,Golden Beach,178,178,327,330,472,476,104,104,216,216,456,456,452,452,190,196,205,205,152,156,450,450,218,218,191,195,118,118,114,118,496,496,,147.3757681,-38.2280947,5585,Axis porcinus,skin,43562,Golden Beach,F,0
5664,Golden Beach,178,178,330,330,468,472,104,104,224,224,452,456,0,0,190,196,205,211,152,152,450,450,218,218,195,195,118,118,122,122,496,496,,147.3757681,-38.2280947,5664,Axis porcinus,skin,43556,Golden Beach,F,1
5665,Golden Beach,175,178,330,330,468,472,104,104,224,224,452,452,0,0,190,190,205,211,156,156,450,450,218,218,191,195,118,118,114,118,496,496,,147.3757681,-38.2280947,5665,Axis porcinus,skin,43556,Golden Beach,M,1
594,Golden Beach,178,178,327,330,468,468,104,104,216,216,452,456,452,452,190,190,205,211,156,156,450,450,218,218,195,195,118,118,114,118,496,496,,147.3757681,-38.2280947,594,Axis porcinus,Tongue,42433,Golden Beach,F,0
866,Golden Beach,178,178,330,330,468,468,104,104,216,216,452,452,452,452,190,196,211,211,152,152,450,450,218,218,195,195,118,118,114,122,496,496,,147.3757681,-38.2280947,866,Axis porcinus,Tongue,42739,Golden Beach,F,0
362,Goon Nure,175,178,327,330,468,476,100,100,216,224,452,456,452,452,190,190,211,211,156,156,446,450,212,218,191,191,118,118,114,118,0,0,,147.5871797,-37.97677631,362,Axis porcinus,Tongue,42404,Goon Nure,M,1
24,Goon Nure,178,178,327,327,468,468,104,104,216,224,456,456,452,456,190,196,211,211,152,156,450,450,218,218,191,191,118,118,122,122,496,496,,147.5871797,-37.97677631,24,Axis porcinus,Tongue,4/14/2015,Goon Nure,F,0
371,Heart Morass,175,178,330,330,468,468,100,104,224,224,456,456,452,452,190,190,211,211,156,156,450,450,218,218,191,195,118,118,118,122,496,496,,147.2077725,-38.1128002,371,Axis porcinus,Tongue,42433,Heart Morass,M,0
120,Hedley,175,178,327,330,468,472,100,104,216,224,452,456,452,452,196,196,211,211,156,156,450,450,218,218,191,195,118,130,114,118,496,496,,146.4936982,-38.6436473,120,Axis porcinus,Tongue,42342,Hedley,M,0
121,Hedley,178,178,327,327,468,472,104,104,224,224,452,456,452,456,190,196,205,205,156,156,446,450,218,218,195,195,118,130,122,122,496,496,,146.4936982,-38.6436473,121,Axis porcinus,Tongue,42312,Hedley,F,0
623,Hedley,175,178,327,327,476,476,100,104,216,224,452,456,452,452,190,196,211,211,152,152,450,450,218,218,195,195,118,130,122,122,496,496,,146.4936982,-38.6436473,623,Axis porcinus,Tongue,42708,Hedley,M,0
126,Hedley,175,178,327,330,468,476,100,100,216,224,452,456,452,452,190,190,205,211,152,156,450,450,218,218,195,195,118,118,118,122,0,0,,146.4936982,-38.6436473,126,Axis porcinus,Tongue,4/28/2015,Hedley,M,1
803,Hedley,175,178,327,327,468,468,100,104,216,224,452,456,452,452,190,190,205,211,156,156,450,450,218,218,191,195,118,130,118,118,496,496,,146.4936982,-38.6436473,803,Axis porcinus,Tongue,42739,Hedley,M,0
125,Jack Smith Lake,175,178,330,330,468,476,100,104,216,224,452,456,452,452,190,196,205,211,156,156,450,450,218,218,195,195,118,130,114,114,496,496,,147.0139841,-38.4919944,125,Axis porcinus,Tongue,4/27/2015,Jack Smith Lake,M,0
5673,Jack Smith Lake,175,178,327,327,468,472,104,104,216,224,452,452,452,452,190,196,205,211,152,156,446,450,218,218,191,191,118,118,114,122,496,496,,147.0139841,-38.4919944,5673,Axis porcinus,skin,43557,Jack Smith Lake,M,0
864,Jack Smith Lake,175,178,327,327,468,476,104,104,224,224,452,452,452,452,196,196,205,205,152,156,446,450,218,218,195,195,118,118,114,118,496,496,,147.0139841,-38.4919944,864,Axis porcinus,Tongue,42739,Jack Smith Lake,M,0
608,Jack Smith SGR,175,178,327,330,468,476,104,104,216,224,452,456,452,456,190,196,205,205,156,156,450,450,212,218,191,195,118,118,114,122,0,0,,146.983013,-38.517417,608,Axis porcinus,Tongue,42404,Jack Smith SGR,M,1
565,Kilmany,175,178,327,330,468,476,100,104,224,224,452,456,452,452,190,196,205,211,156,156,450,450,218,218,191,195,118,118,114,122,496,496,,146.9077363,-38.1140626,565,Axis porcinus,Tongue,4/23/2016,Kilmany,M,0
562,Kilmany,175,178,327,330,468,476,96,104,216,216,452,452,452,452,190,190,205,205,156,156,450,450,212,218,195,195,118,118,114,122,496,496,,146.9077363,-38.1140626,562,Axis porcinus,Tongue,4/26/2016,Kilmany,M,0
559,Lake Coleman,175,178,330,330,472,476,104,104,224,224,452,452,452,452,190,196,205,205,152,156,450,450,212,218,195,195,118,118,118,122,0,0,,147.2988049,-38.1642956,559,Axis porcinus,Tissue,,Lake Coleman,M,1
560,Lake Coleman,175,178,330,330,472,476,104,104,216,224,452,456,452,456,190,196,205,205,156,156,450,450,218,218,195,195,118,118,118,122,0,0,,147.2988049,-38.1642956,560,Axis porcinus,Tissue,,Lake Coleman,M,1
564,Lake Coleman,178,178,330,330,468,472,104,104,216,216,452,452,452,452,190,190,205,211,152,156,450,450,218,218,191,195,118,130,118,118,496,496,,147.2988049,-38.1642956,564,Axis porcinus,Tissue,,Lake Coleman,M,0
574,Lake Coleman,178,178,327,330,468,476,100,104,224,224,452,452,452,452,190,196,205,211,156,156,450,450,218,218,191,195,118,118,122,122,512,512,,147.2988049,-38.1642956,574,Axis porcinus,Tissue,,Lake Coleman,M,0
576,Lake Coleman,175,178,330,330,476,476,100,104,216,224,452,452,452,452,190,190,205,211,152,156,450,450,218,218,191,191,118,118,122,122,496,496,,147.2988049,-38.1642956,576,Axis porcinus,Tissue,,Lake Coleman,M,0
582,Lake Coleman,175,178,327,330,468,476,104,104,224,224,452,456,452,452,196,196,205,205,152,156,450,450,212,218,191,195,118,118,114,118,496,496,,147.2988049,-38.1642956,582,Axis porcinus,Tissue,,Lake Coleman,F,0
589,Lake Coleman,175,178,327,330,472,472,104,104,224,224,452,456,452,456,190,196,205,211,156,156,450,450,218,218,195,195,118,118,118,122,496,496,,147.2988049,-38.1642956,589,Axis porcinus,Tissue,,Lake Coleman,M,0
887,Lake Coleman,178,178,327,327,472,476,104,104,216,216,456,456,452,456,190,196,211,211,156,156,446,450,218,218,191,195,118,118,122,122,496,496,,147.2988049,-38.1642956,887,Axis porcinus,Tongue,4/14/17,Lake Coleman,F,0
5692,Lake Coleman,175,178,330,330,472,472,100,104,216,224,452,456,0,0,190,190,205,205,152,152,450,450,218,218,191,191,118,130,114,118,496,496,,147.2988049,-38.1642956,5692,Axis porcinus,skin,4/16/2019,Lake Coleman,M,1
858,Lake Coleman,178,178,327,330,472,472,104,104,216,224,452,456,452,452,190,196,205,205,156,156,450,450,218,218,191,195,118,130,122,122,496,496,,147.2988049,-38.1642956,858,Axis porcinus,Tongue,42739,Lake Coleman,F,0
930,Lake Coleman,178,178,327,330,468,476,104,104,224,224,452,456,452,452,190,196,205,205,156,156,450,450,212,218,191,191,118,130,114,122,496,496,,147.2988049,-38.1642956,930,Axis porcinus,Tongue,42739,Lake Coleman,F,0
561,Lake Reeve,178,178,330,330,472,476,100,104,216,224,456,456,452,452,190,196,205,211,152,156,450,450,218,218,191,195,118,130,114,118,496,496,,147.3580263,-38.22599464,561,Axis porcinus,Tissue,,Lake Reeve,M,0
563,Lake Reeve,175,178,330,330,472,472,104,104,216,224,452,452,452,452,190,196,205,211,152,156,450,450,218,218,191,195,118,118,122,122,496,496,,147.3580263,-38.22599464,563,Axis porcinus,Tissue,,Lake Reeve,M,0
568,Lake Reeve,178,178,327,330,476,476,104,104,216,224,452,452,452,452,190,190,205,205,152,156,450,450,218,218,191,191,130,130,114,122,496,496,,147.3580263,-38.22599464,568,Axis porcinus,Tissue,,Lake Reeve,M,0
569,Lake Reeve,178,178,327,327,472,476,100,104,216,224,452,456,452,452,196,196,205,211,156,156,450,450,218,218,191,195,118,118,118,122,496,496,,147.3580263,-38.22599464,569,Axis porcinus,Tissue,,Lake Reeve,M,0
577,Lake Reeve,175,178,330,330,472,476,104,104,216,224,452,452,452,452,190,196,205,211,156,156,446,450,218,218,191,195,118,130,118,122,496,496,,147.3580263,-38.22599464,577,Axis porcinus,Tissue,,Lake Reeve,M,0
581,Lake Reeve,175,178,327,330,472,472,100,100,216,224,452,452,452,452,190,190,211,211,156,156,450,450,218,218,195,195,118,118,114,122,0,0,,147.3580263,-38.22599464,581,Axis porcinus,Tissue,,Lake Reeve,M,1
585,Lake Reeve,178,178,327,330,468,468,100,104,224,224,452,452,452,452,190,190,211,211,156,156,446,450,218,218,195,195,118,118,122,122,496,496,,147.3580263,-38.22599464,585,Axis porcinus,Tissue,,Lake Reeve,F,0
595,Lake Reeve,175,178,330,330,472,476,104,104,216,216,452,452,452,452,190,196,205,211,152,156,450,450,218,218,195,195,118,118,0,0,496,496,,147.3580263,-38.22599464,595,Axis porcinus,Tissue,,Lake Reeve,M,1
622,Lake Reeve,175,178,327,327,472,476,100,100,216,224,456,456,452,456,196,196,205,205,156,156,450,450,212,218,191,191,118,118,114,122,0,0,,147.3580263,-38.22599464,622,Axis porcinus,Tissue,,Lake Reeve,M,1
5661,Lake Reeve,178,178,330,330,468,472,104,104,224,224,452,452,452,452,196,196,205,205,156,156,446,450,218,218,191,195,118,130,114,118,496,496,,147.3580263,-38.22599464,5661,Axis porcinus,skin,43469,Lake Reeve,F,0
40,Lake Victoria,175,178,327,330,468,468,100,100,224,224,452,456,452,452,190,196,205,211,156,156,450,450,218,218,191,195,118,130,122,122,0,0,,147.6186302,-38.00152027,40,Axis porcinus,Tongue,42067,Lake Victoria,M,1
571,Lake Wellington,175,178,327,327,468,472,100,100,216,224,452,452,452,452,190,190,211,211,156,156,450,450,218,218,191,195,118,118,122,122,496,496,,147.3293093,-38.08699144,571,Axis porcinus,Tongue,4/16/2016,Lake Wellington,M,0
812,Lake Wellington,175,178,327,330,476,476,100,104,216,216,452,452,0,0,190,196,205,211,152,156,450,450,218,218,195,195,118,118,114,118,496,496,,147.3293093,-38.08699144,812,Axis porcinus,Tongue,42829,Lake Wellington,M,1
921,Lake Wellington,178,178,327,330,476,476,104,104,216,216,452,456,0,0,190,190,205,211,156,156,450,450,218,218,191,191,118,118,122,122,496,496,,147.3293093,-38.08699144,921,Axis porcinus,Tongue,42829,Lake Wellington,M,1
5723,Lake Wellington,175,178,327,330,468,476,104,104,216,224,452,452,0,0,190,196,205,211,152,156,450,450,218,218,195,195,118,130,114,122,496,496,,147.3293093,-38.08699144,5723,Axis porcinus,skin,4/27/2019,Lake Wellington,M,1
5587,Lakes Entrance,178,178,327,330,468,476,100,104,224,224,452,452,0,0,190,196,211,211,156,156,450,450,212,218,195,195,118,118,122,122,496,496,,147.995821,-37.8511185,5587,Axis porcinus,skin,43567,Lakes Entrance,F,1
5590,Lakes Entrance,178,178,327,330,472,472,104,104,216,224,452,452,0,0,190,190,205,205,152,152,450,450,218,218,191,195,118,130,122,122,496,496,,147.995821,-37.8511185,5590,Axis porcinus,skin,4/17/2019,Lakes Entrance,F,1
572,Loch Sport,178,178,327,330,468,476,104,104,216,216,452,456,452,452,190,196,211,211,152,156,450,450,218,218,191,195,118,118,122,122,496,496,,147.5368283,-38.08527826,572,Axis porcinus,Tissue,,Loch Sport,M,0
573,Loch Sport,175,178,327,330,468,468,100,104,216,224,452,452,452,452,190,196,205,211,152,156,450,450,218,218,191,191,118,130,122,122,496,496,,147.5368283,-38.08527826,573,Axis porcinus,Tissue,,Loch Sport,M,0
822,Loch Sport,178,178,333,333,476,480,104,104,216,226,460,460,452,452,190,196,205,211,156,156,450,450,218,218,191,195,118,130,114,122,496,496,,147.5368283,-38.08527826,822,Axis porcinus,Tissue,,Loch Sport,M,0
832,Loch Sport,178,178,330,330,472,472,104,104,216,216,456,456,452,452,190,190,205,211,156,156,450,450,218,218,191,195,118,130,114,118,0,0,,147.5368283,-38.08527826,832,Axis porcinus,Tissue,,Loch Sport,M,1
890,Loch Sport,178,178,333,333,480,480,104,104,226,226,456,460,452,452,196,196,205,211,152,152,450,450,218,218,191,195,118,118,118,122,496,496,,147.5368283,-38.08527826,890,Axis porcinus,Tissue,,Loch Sport,M,0
892,Loch Sport,178,178,330,333,476,480,104,104,226,226,456,460,452,452,190,190,211,213,152,156,446,450,218,218,191,195,118,118,118,122,496,496,,147.5368283,-38.08527826,892,Axis porcinus,Tissue,,Loch Sport,M,0
932,Loch Sport,178,178,330,330,472,472,104,104,216,226,456,460,452,452,190,190,211,211,156,156,450,450,212,218,195,195,118,118,114,118,496,496,,147.5368283,-38.08527826,932,Axis porcinus,Tissue,,Loch Sport,M,0
5660,Loch Sport,178,178,330,330,468,476,104,104,216,216,452,456,0,0,190,190,205,205,152,156,450,450,218,218,191,195,118,130,122,122,496,496,,147.5368283,-38.08527826,5660,Axis porcinus,skin,43556,Loch Sport,F,1
5670,Loch Sport,175,178,327,327,468,472,104,104,216,224,452,452,452,452,190,196,205,211,152,156,450,450,218,218,195,195,118,130,122,122,496,496,,147.5368283,-38.08527826,5670,Axis porcinus,skin,43558,Loch Sport,M,0
5674,Loch Sport,175,178,330,330,468,476,104,104,224,224,452,452,452,452,190,190,205,211,152,152,450,450,218,218,195,195,118,130,114,118,496,496,,147.5368283,-38.08527826,5674,Axis porcinus,skin,43557,Loch Sport,M,0
5679,Loch Sport,178,178,327,330,472,476,104,104,216,216,452,456,0,0,196,196,211,211,152,156,446,450,218,218,191,195,118,118,122,122,496,496,,147.5368283,-38.08527826,5679,Axis porcinus,skin,43560,Loch Sport,F,1
5695,Loch Sport,175,178,330,330,472,476,100,104,216,224,456,456,452,452,196,196,205,205,152,152,450,450,218,218,195,195,118,130,114,122,496,496,,147.5368283,-38.08527826,5695,Axis porcinus,skin,4/19/2019,Loch Sport,M,0
18,Longford,175,178,327,330,468,476,104,104,216,216,452,456,452,456,190,196,211,211,156,156,450,450,218,218,195,195,118,118,114,118,496,496,,147.0869439,-38.164167,18,Axis porcinus,Tongue,4/20/2015,Longford,M,0
5698,Longford,175,178,327,330,472,476,104,104,216,224,452,452,452,452,190,190,205,205,152,156,450,450,218,218,191,195,118,118,122,122,496,496,,147.0869439,-38.164167,5698,Axis porcinus,skin,4/22/2019,Longford,M,0
6282,Longford,175,178,327,330,468,472,104,104,216,216,452,456,0,0,190,190,211,211,152,156,450,450,218,218,191,195,118,118,114,118,496,496,,147.0869439,-38.164167,6282,Axis porcinus,skin,4/29/2019,Longford,M,1
6286,Longford,175,178,330,330,468,476,100,104,216,224,452,452,0,0,190,196,205,205,152,152,450,450,218,218,191,195,130,130,114,122,496,496,,147.0869439,-38.164167,6286,Axis porcinus,skin,4/29/2019,Longford,M,1
6288,Longford,175,178,327,330,468,476,104,104,216,216,452,452,0,0,190,190,205,205,156,156,446,450,218,218,191,195,118,118,114,122,496,496,,147.0869439,-38.164167,6288,Axis porcinus,skin,4/30/2019,Longford,M,1
925,Longford,175,175,0,0,468,472,100,104,216,216,452,456,0,0,190,196,205,211,152,156,450,450,218,218,195,195,118,130,122,122,496,496,,147.0869439,-38.164167,925,Axis porcinus,Tongue,42798,Longford,M,2
579,Manns Beach,175,178,327,327,468,472,104,104,224,224,452,452,452,452,190,190,211,211,156,156,446,450,218,218,191,191,118,118,114,114,496,496,,146.7755155,-38.64505171,579,Axis porcinus,Tongue,42617,Manns Beach,M,0
917,Marlay Point,175,178,327,330,476,476,100,100,216,224,452,456,452,456,190,190,205,211,152,152,446,450,218,218,191,195,118,130,114,122,496,496,,147.2108293,-38.0568227,917,Axis porcinus,Tongue,42829,Marlay Point,M,0
357,Meerlieu,175,178,327,327,468,472,100,100,216,224,452,452,452,452,190,190,211,211,156,156,450,450,218,218,191,195,118,130,122,122,496,496,,147.3856872,-38.00711581,357,Axis porcinus,Tongue,42373,Meerlieu,M,0
400,Meerlieu,175,178,327,330,468,472,104,104,216,224,452,452,452,452,190,190,205,205,152,156,450,450,218,218,195,195,118,118,110,122,0,0,,147.3856872,-38.00711581,400,Axis porcinus,Tongue,4/24/2016,Meerlieu,M,1
882,Meerlieu,175,178,330,330,472,476,104,104,216,224,0,0,452,452,190,196,211,211,152,156,446,450,212,218,191,195,118,118,114,122,496,496,,147.3856872,-38.00711581,882,Axis porcinus,Tongue,42859,Meerlieu,M,1
6277,Meerlieu,175,178,327,330,468,472,100,104,216,224,452,456,0,0,190,190,205,211,152,152,450,450,218,218,191,195,118,118,114,122,496,496,,147.3856872,-38.00711581,6277,Axis porcinus,skin,4/25/2019,Meerlieu,M,1
862,Meerlieu,175,178,327,330,468,468,100,104,216,224,452,456,452,452,190,190,211,211,152,156,450,450,218,218,195,195,118,118,122,122,496,496,,147.3856872,-38.00711581,862,Axis porcinus,Tongue,42770,Meerlieu,M,0
928,Meerlieu,175,178,327,330,468,468,100,104,216,224,452,456,452,452,190,196,205,211,156,156,450,450,212,218,191,191,118,130,122,122,496,496,,147.3856872,-38.00711581,928,Axis porcinus,Tongue,42770,Meerlieu,M,0
388,Metung,175,178,327,330,476,476,104,104,216,216,452,452,452,452,190,196,205,205,156,156,450,450,218,218,195,195,118,130,110,122,0,0,,147.85,-37.883333,388,Axis porcinus,Tongue,4/16/2016,Metung,M,1
22,Metung,175,178,330,330,468,468,100,104,216,216,452,456,452,456,190,190,205,211,152,156,450,450,218,218,191,191,118,118,114,118,496,496,,147.85,-37.883333,22,Axis porcinus,Tongue,4/17/2015,Metung,M,0
5589,Mossiface,175,178,327,330,472,476,104,104,216,224,452,452,0,0,190,190,205,211,152,156,450,450,218,218,191,195,118,118,122,122,496,496,,147.8197188,-37.74512191,5589,Axis porcinus,skin,4/14/2019,Mossiface,M,1
5596,Mossiface,175,178,327,330,472,472,104,104,224,224,452,456,452,452,190,190,205,205,152,156,450,450,218,218,195,195,118,118,122,122,496,496,,147.8197188,-37.74512191,5596,Axis porcinus,skin,4/27/2019,Mossiface,M,0
556,Munro,175,178,327,327,468,476,100,104,216,216,452,452,452,452,190,190,211,211,152,156,450,450,218,218,195,195,118,118,114,122,496,496,,147.2007191,-37.93182341,556,Axis porcinus,Tongue,4/30/2016,Munro,M,0
557,Munro,178,178,327,330,468,476,104,104,216,224,452,456,452,452,190,196,205,205,152,156,446,450,218,218,195,195,118,118,118,118,496,496,,147.2007191,-37.93182341,557,Axis porcinus,Tongue,4/30/2016,Munro,F,0
390,Nungurner,175,178,330,330,468,468,104,104,216,224,452,456,452,456,190,196,205,211,156,156,450,450,218,218,191,191,118,118,114,114,496,496,,147.8992133,-37.85521181,390,Axis porcinus,Tongue,4/15/2016,Nungurner,M,0
902,Nungurner,178,178,327,330,468,476,104,104,216,224,452,452,452,452,196,196,211,211,152,152,450,450,218,218,191,191,118,118,122,122,496,496,,147.8992133,-37.85521181,902,Axis porcinus,Tongue,4/15/2017,Nungurner,F,0
913,Nungurner,178,178,0,0,0,0,104,104,216,216,452,456,0,0,190,196,205,211,152,156,0,0,218,218,195,195,118,118,122,122,0,0,,147.8992133,-37.85521181,913,Axis porcinus,Tongue,42859,Nungurner,M,5
927,Nungurner,175,178,327,330,468,468,100,104,224,224,452,452,452,452,190,190,205,205,152,156,450,450,218,218,191,195,118,118,122,122,496,496,,147.8992133,-37.85521181,927,Axis porcinus,Tongue,42770,Nungurner,M,0
45,Perry Bridge,175,178,327,330,468,468,104,104,216,224,452,452,452,452,196,196,205,211,156,156,450,450,218,218,191,195,118,130,114,122,496,496,,147.2652758,-38.0044156,45,Axis porcinus,Tissue,,Perry Bridge,M,0
365,Perry Bridge,175,178,330,330,468,472,104,104,216,224,456,456,452,456,196,196,205,211,156,156,446,450,212,218,191,195,118,118,114,122,0,0,,147.2652758,-38.0044156,365,Axis porcinus,Tissue,,Perry Bridge,M,1
366,Perry Bridge,178,178,330,330,468,468,100,104,216,224,456,456,452,456,190,196,205,211,156,156,450,450,218,218,191,191,118,118,122,122,0,0,,147.2652758,-38.0044156,366,Axis porcinus,Tissue,,Perry Bridge,F,1
368,Perry Bridge,175,178,330,330,468,468,104,104,224,224,452,456,452,456,190,196,205,211,156,156,450,450,212,218,191,191,118,118,114,122,496,496,,147.2652758,-38.0044156,368,Axis porcinus,Tissue,,Perry Bridge,M,0
369,Perry Bridge,175,178,327,327,468,468,104,104,224,224,452,456,452,456,190,196,211,211,152,156,450,450,218,218,191,191,118,130,114,122,496,496,,147.2652758,-38.0044156,369,Axis porcinus,Tissue,,Perry Bridge,M,0
383,Perry Bridge,175,178,330,330,468,472,104,104,224,224,452,456,452,456,196,196,205,211,156,156,450,450,218,218,191,191,118,118,114,114,496,496,,147.2652758,-38.0044156,383,Axis porcinus,Tissue,,Perry Bridge,M,0
603,Perry Bridge,175,178,327,327,468,472,104,104,224,224,452,452,452,452,190,196,205,211,156,156,450,450,212,218,191,191,118,118,114,122,496,496,,147.2652758,-38.0044156,603,Axis porcinus,Tissue,,Perry Bridge,M,0
5675,Perry Bridge,175,178,330,330,468,472,104,104,216,224,452,452,452,452,190,190,205,211,156,156,450,450,218,218,191,191,118,130,118,118,496,496,,147.2652758,-38.0044156,5675,Axis porcinus,skin,43558,Perry Bridge,M,0
5682,Perry Bridge,175,178,327,327,468,468,104,104,216,224,452,456,0,0,196,196,205,211,156,156,450,450,218,218,191,195,118,118,118,118,496,496,,147.2652758,-38.0044156,5682,Axis porcinus,skin,43562,Perry Bridge,M,1
567,Perry Bridge,178,178,327,327,472,472,100,104,216,224,452,452,452,452,190,190,211,211,156,156,450,450,218,218,191,191,118,118,114,122,496,496,,147.2652758,-38.0044156,567,Axis porcinus,Tongue,4/18/2016,Perry Bridge,M,0
587,Port Albert,175,178,327,327,472,472,104,104,216,224,452,452,452,452,190,196,211,211,156,156,446,450,212,212,195,195,118,118,122,122,496,496,,146.688333,-38.66527801,587,Axis porcinus,Tongue,42373,Port Albert,M,0
613,Port Welshpool,175,178,327,327,468,476,100,104,216,224,452,456,452,452,190,190,205,211,152,156,450,450,212,218,195,195,130,130,114,114,496,496,,146.464722,-38.699722,613,Axis porcinus,Tongue,42433,Port Welshpool,M,0
627,Port Welshpool,175,178,327,330,472,472,100,104,216,224,452,456,452,452,190,190,205,211,156,156,450,450,218,218,191,191,118,130,118,118,496,496,,146.464722,-38.699722,627,Axis porcinus,Tongue,4/21/2016,Port Welshpool,M,0
804,Port Welshpool,175,178,327,327,476,476,100,104,216,224,452,456,0,0,190,190,211,211,156,156,0,0,212,218,191,195,130,130,118,118,0,0,,146.464722,-38.699722,804,Axis porcinus,Tongue,42739,Port Welshpool,M,3
5586,Sale,178,178,327,327,468,472,104,104,224,224,452,456,0,0,190,196,205,211,156,156,450,450,218,218,191,195,118,118,122,122,496,496,,147.0730266,-38.10260083,5586,Axis porcinus,skin,43566,Sale,F,1
5588,Sale,175,178,327,330,468,468,104,104,216,224,456,456,452,452,190,196,205,205,156,156,450,450,218,218,191,195,118,130,122,122,496,496,,147.0730266,-38.10260083,5588,Axis porcinus,skin,43567,Sale,M,0
5592,Sale,175,178,327,330,468,468,104,104,216,224,452,452,452,452,190,196,205,211,152,156,450,450,218,218,191,191,118,118,122,122,496,496,,147.0730266,-38.10260083,5592,Axis porcinus,skin,4/25/2019,Sale,M,0
5599,Sale,175,178,327,330,468,468,104,104,216,224,452,452,452,452,196,196,205,205,152,156,450,450,212,218,191,191,118,118,122,122,496,496,,147.0730266,-38.10260083,5599,Axis porcinus,skin,4/28/2019,Sale,M,0
6701,Sale,175,178,327,327,468,472,100,104,216,224,452,456,0,0,190,196,205,205,156,156,450,450,218,218,191,191,118,118,114,122,496,496,,147.0730266,-38.10260083,6701,Axis porcinus,skin,4/29/2019,Sale,M,1
833,Sandy Point,175,178,330,330,472,476,100,100,216,224,452,456,0,0,190,190,211,211,156,156,450,450,212,218,195,195,118,118,118,118,496,496,,146.134104,-38.82560231,833,Axis porcinus,Tongue,4/30/2017,Sandy Point,M,1
575,Seacombe,175,178,327,330,472,476,100,104,216,224,452,452,452,452,190,196,205,211,152,156,450,450,218,218,191,195,118,118,122,122,496,496,,147.4402167,-38.11945011,575,Axis porcinus,Tongue,4/14/2016,Seacombe,M,0
5654,Seacombe,175,178,327,330,472,472,100,104,216,224,452,452,452,452,196,196,205,205,152,156,450,450,218,218,191,191,118,118,122,122,496,496,,147.4402167,-38.11945011,5654,Axis porcinus,skin,43556,Seacombe,M,0
5657,Seacombe,178,178,327,330,468,476,100,104,224,224,452,452,452,452,190,190,205,205,156,156,450,450,218,218,191,195,118,118,122,122,496,496,,147.4402167,-38.11945011,5657,Axis porcinus,skin,43556,Seacombe,F,0
5663,Seacombe,175,178,330,330,472,476,104,104,224,224,452,452,452,452,190,196,205,205,152,156,450,450,212,218,191,195,118,130,114,118,496,496,,147.4402167,-38.11945011,5663,Axis porcinus,skin,43556,Seacombe,M,0
5680,Seacombe,175,178,327,330,468,468,104,104,216,224,452,456,0,0,190,190,205,211,152,156,450,450,218,218,191,195,118,118,114,118,496,496,,147.4402167,-38.11945011,5680,Axis porcinus,skin,43561,Seacombe,M,1
6281,Seacombe,178,178,327,330,468,476,100,104,216,224,452,456,0,0,190,196,205,205,156,156,446,446,212,218,191,195,118,118,122,122,496,496,,147.4402167,-38.11945011,6281,Axis porcinus,skin,4/28/2019,Seacombe,F,1
588,Seacombe,175,178,327,330,472,476,100,104,216,224,452,456,452,452,190,190,205,211,152,156,450,450,212,218,191,195,118,118,118,122,496,496,,147.4402167,-38.11945011,588,Axis porcinus,Tongue,42404,Seacombe,M,0
851,Seacombe,175,178,327,330,472,476,104,104,224,224,452,452,452,452,190,196,205,205,152,156,450,450,218,218,191,195,118,130,122,122,496,496,,147.4402167,-38.11945011,851,Axis porcinus,Tongue,42739,Seacombe,M,0
596,Seaspray,175,178,327,330,468,476,104,104,216,224,452,452,452,452,190,190,205,205,152,156,450,450,218,218,191,195,118,130,118,118,496,496,,147.1467693,-38.2936345,596,Axis porcinus,Tongue,42373,Seaspray,M,0
372,Seaspray,175,178,327,330,468,472,100,104,224,224,452,456,452,452,190,196,205,205,152,156,450,450,218,218,191,195,118,118,114,122,496,496,,147.1467693,-38.2936345,372,Axis porcinus,Tongue,42464,Seaspray,M,0
880,Seaspray,175,178,327,330,468,476,104,104,216,224,452,452,452,452,190,190,205,205,152,156,450,450,218,218,191,195,118,118,122,122,496,496,,147.1467693,-38.2936345,880,Axis porcinus,Tongue,42920,Seaspray,M,0
886,Seaspray,175,178,327,330,468,476,104,104,224,224,452,456,0,0,190,196,205,211,156,156,446,450,212,218,191,191,118,118,122,122,496,496,,147.1467693,-38.2936345,886,Axis porcinus,Tongue,4/14/2017,Seaspray,M,1
896,Seaspray,175,178,327,330,472,476,104,104,216,224,452,452,452,452,190,196,205,211,156,156,450,450,218,218,195,195,118,118,122,122,496,496,,147.1467693,-38.2936345,896,Axis porcinus,Tongue,4/20/2017,Seaspray,M,0
5669,Seaspray,175,178,330,330,468,472,104,104,216,224,452,452,452,452,190,196,205,211,156,156,450,450,218,218,195,195,118,118,122,122,496,496,,147.1467693,-38.2936345,5669,Axis porcinus,skin,43557,Seaspray,M,0
5671,Seaspray,175,178,327,330,468,468,104,104,224,224,452,452,0,0,196,196,205,211,152,156,446,450,218,218,191,191,118,130,122,122,496,496,,147.1467693,-38.2936345,5671,Axis porcinus,skin,43557,Seaspray,M,1
580,Sentosa,175,178,327,330,468,476,104,104,224,224,452,456,452,456,190,190,205,211,156,156,450,450,218,218,191,195,118,118,114,114,496,496,,147.2042145,-38.26611907,580,Axis porcinus,Tongue,42555,Sentosa,M,0
5678,Sentosa,175,178,327,330,472,476,104,104,224,224,456,456,452,452,190,196,205,211,152,156,446,450,218,218,195,195,118,130,114,122,496,496,,147.2042145,-38.26611907,5678,Axis porcinus,skin,43561,Sentosa,M,0
5694,Sentosa,175,178,330,330,476,476,104,104,216,216,452,452,452,452,190,196,205,205,152,152,450,450,218,218,195,195,118,118,114,118,496,496,,147.2042145,-38.26611907,5694,Axis porcinus,skin,4/18/2019,Sentosa,M,0
852,Sentosa,175,178,327,327,468,472,104,104,216,224,452,452,452,452,190,196,205,211,152,156,450,450,218,218,195,195,118,118,114,122,496,496,,147.2042145,-38.26611907,852,Axis porcinus,Tongue,42739,Sentosa,M,0
712,Snake Island,178,178,330,330,472,476,104,104,216,216,456,460,452,452,190,190,211,211,152,156,450,450,218,218,195,195,118,130,114,122,496,496,,146.5448304,-38.77039182,712,Axis porcinus,Tissue,,Snake Island,M,0
715,Snake Island,178,178,333,333,476,480,100,100,216,216,456,456,452,452,190,190,205,211,152,156,446,450,212,218,191,195,118,130,114,122,496,496,,146.5448304,-38.77039182,715,Axis porcinus,Tissue,,Snake Island,M,0
716,Snake Island,175,178,330,333,472,472,104,104,216,216,456,460,452,452,190,190,205,211,156,156,450,450,212,218,195,195,118,130,118,122,496,496,,146.5448304,-38.77039182,716,Axis porcinus,Tissue,,Snake Island,M,0
718,Snake Island,178,178,330,333,472,480,100,104,226,226,456,460,452,452,196,196,205,205,152,156,450,450,218,218,191,195,118,118,114,118,0,0,,146.5448304,-38.77039182,718,Axis porcinus,Tissue,,Snake Island,M,1
719,Snake Island,178,178,330,330,480,480,104,104,216,216,456,456,452,452,190,190,205,211,156,156,450,450,218,218,195,195,118,130,114,114,0,0,,146.5448304,-38.77039182,719,Axis porcinus,Tissue,,Snake Island,F,1
720,Snake Island,178,178,330,330,472,480,100,104,216,226,456,456,452,452,190,196,205,205,156,156,446,446,218,218,195,195,118,118,114,122,496,496,,146.5448304,-38.77039182,720,Axis porcinus,Tissue,,Snake Island,M,0
721,Snake Island,178,178,330,333,472,480,100,104,216,226,456,456,452,452,190,196,205,211,156,156,446,450,212,212,191,195,118,130,114,118,0,0,,146.5448304,-38.77039182,721,Axis porcinus,Tissue,,Snake Island,F,1
722,Snake Island,178,178,330,330,472,480,104,104,216,216,456,456,452,452,190,190,211,211,156,156,450,450,218,218,191,195,118,118,114,118,0,0,,146.5448304,-38.77039182,722,Axis porcinus,Tissue,,Snake Island,M,1
723,Snake Island,178,178,330,330,472,476,104,104,216,226,456,460,452,452,190,190,211,211,152,156,446,450,218,218,195,195,118,118,118,122,0,0,,146.5448304,-38.77039182,723,Axis porcinus,Tissue,,Snake Island,M,1
725,Snake Island,178,178,330,333,472,472,100,104,216,226,456,456,452,452,190,190,211,211,152,156,450,450,218,218,191,195,118,130,114,114,496,496,,146.5448304,-38.77039182,725,Axis porcinus,Tissue,,Snake Island,F,0
726,Snake Island,178,178,330,333,480,480,100,104,216,226,456,456,452,452,190,190,205,211,156,156,450,450,212,218,195,195,118,118,122,122,496,496,,146.5448304,-38.77039182,726,Axis porcinus,Tissue,,Snake Island,M,0
728,Snake Island,178,178,330,330,476,476,100,104,216,226,456,456,452,452,190,196,211,211,152,156,446,450,218,218,195,195,118,130,122,122,0,0,,146.5448304,-38.77039182,728,Axis porcinus,Tissue,,Snake Island,M,1
729,Snake Island,178,178,330,333,476,480,100,100,216,216,456,456,452,452,190,190,205,211,156,156,446,450,218,218,191,191,118,118,114,114,0,0,,146.5448304,-38.77039182,729,Axis porcinus,Tissue,,Snake Island,M,1
730,Snake Island,178,178,333,333,476,480,100,104,216,216,456,456,452,452,190,190,211,211,152,156,450,450,218,218,195,195,118,118,122,122,496,496,,146.5448304,-38.77039182,730,Axis porcinus,Tissue,,Snake Island,F,0
732,Snake Island,178,178,330,330,472,480,104,104,216,226,456,460,452,452,190,196,211,211,156,156,450,450,212,218,195,195,118,130,114,122,0,0,,146.5448304,-38.77039182,732,Axis porcinus,Tissue,,Snake Island,M,1
733,Snake Island,178,178,333,333,472,480,100,100,226,226,456,456,452,452,190,190,205,205,156,156,446,450,218,218,195,195,118,118,114,122,0,0,,146.5448304,-38.77039182,733,Axis porcinus,Tissue,,Snake Island,M,1
735,Snake Island,178,178,330,333,472,472,100,104,216,226,456,460,452,456,190,190,211,211,152,156,446,450,218,218,195,195,118,118,114,114,496,496,,146.5448304,-38.77039182,735,Axis porcinus,Tissue,,Snake Island,M,0
736,Snake Island,178,178,333,333,472,476,100,104,216,216,456,460,452,452,190,196,205,211,156,156,450,450,218,218,195,195,130,130,114,122,496,496,,146.5448304,-38.77039182,736,Axis porcinus,Tissue,,Snake Island,M,0
737,Snake Island,178,178,330,330,472,472,104,104,216,216,456,460,452,452,190,190,211,211,156,156,450,450,218,218,195,195,118,130,114,122,0,0,,146.5448304,-38.77039182,737,Axis porcinus,Tissue,,Snake Island,M,1
738,Snake Island,178,178,330,330,480,480,104,104,216,226,456,456,452,452,190,190,211,211,156,156,446,450,218,218,191,195,118,130,114,122,496,496,,146.5448304,-38.77039182,738,Axis porcinus,Tissue,,Snake Island,M,0
740,Snake Island,178,178,330,330,476,480,104,104,216,216,456,460,452,452,190,196,205,211,156,156,450,450,218,218,195,195,118,118,114,122,496,496,,146.5448304,-38.77039182,740,Axis porcinus,Tissue,,Snake Island,M,0
741,Snake Island,178,178,330,330,476,480,100,104,226,226,456,456,452,452,190,196,211,211,156,156,450,450,218,218,195,195,118,130,114,122,0,0,,146.5448304,-38.77039182,741,Axis porcinus,Tissue,,Snake Island,F,1
742,Snake Island,175,178,330,333,472,480,104,104,216,226,456,456,452,452,190,190,211,211,152,156,446,446,218,218,195,195,118,118,114,122,0,0,,146.5448304,-38.77039182,742,Axis porcinus,Tissue,,Snake Island,M,1
743,Snake Island,178,178,330,330,476,480,104,104,216,216,456,460,452,452,190,190,205,211,156,156,450,450,212,218,195,195,118,118,114,114,0,0,,146.5448304,-38.77039182,743,Axis porcinus,Tissue,,Snake Island,M,1
744,Snake Island,178,178,333,333,472,480,104,104,216,216,456,456,452,452,190,190,211,211,152,156,450,450,218,218,195,195,118,118,114,118,496,496,,146.5448304,-38.77039182,744,Axis porcinus,Tissue,,Snake Island,F,0
746,Snake Island,178,178,330,330,480,480,100,104,216,216,456,460,452,452,190,196,205,205,152,156,450,450,212,218,195,195,130,130,114,122,496,496,,146.5448304,-38.77039182,746,Axis porcinus,Tissue,,Snake Island,M,0
747,Snake Island,178,178,330,330,472,480,104,104,216,226,456,456,452,452,190,196,205,211,152,156,446,450,212,218,195,195,118,118,122,122,0,0,,146.5448304,-38.77039182,747,Axis porcinus,Tissue,,Snake Island,M,1
748,Snake Island,178,178,333,333,476,476,100,104,216,226,456,460,452,452,190,190,205,205,156,156,446,450,212,218,195,195,118,118,114,122,0,0,,146.5448304,-38.77039182,748,Axis porcinus,Tissue,,Snake Island,M,1
749,Snake Island,175,178,330,333,472,472,100,104,216,216,456,456,452,452,190,196,211,211,152,156,446,450,212,218,195,195,118,118,114,122,496,496,,146.5448304,-38.77039182,749,Axis porcinus,Tissue,,Snake Island,M,0
750,Snake Island,178,178,330,330,472,480,100,100,216,226,456,456,452,452,190,190,211,211,156,156,450,450,218,218,195,195,118,118,114,122,0,0,,146.5448304,-38.77039182,750,Axis porcinus,Tissue,,Snake Island,M,1
598,Stradbroke,175,178,327,330,468,472,100,104,216,216,452,456,452,452,196,196,205,211,152,156,450,450,218,218,195,195,130,130,114,118,496,496,,147.0569376,-38.2720244,598,Axis porcinus,Tongue,42373,Stradbroke,M,0
25,Stratford,175,178,327,330,468,472,100,104,216,224,452,456,452,456,190,196,205,211,156,156,450,450,212,218,191,191,118,118,118,122,0,0,,147.083333,-37.96666702,25,Axis porcinus,Tissue,,Stratford,M,1
26,Stratford,178,178,327,327,468,468,104,104,216,224,452,452,452,452,190,196,205,211,156,156,450,450,212,218,191,191,118,130,114,118,496,496,,147.083333,-37.96666702,26,Axis porcinus,Tissue,,Stratford,F,0
29,Stratford,175,178,330,330,468,468,104,104,216,224,452,452,452,452,190,196,211,211,156,156,450,450,218,218,191,191,118,118,114,122,496,496,,147.083333,-37.96666702,29,Axis porcinus,Tissue,,Stratford,M,0
37,Stratford,175,178,327,330,468,468,100,104,224,224,452,452,452,452,190,196,211,211,152,156,450,450,218,218,191,191,118,118,118,122,0,0,,147.083333,-37.96666702,37,Axis porcinus,Tissue,,Stratford,M,1
38,Stratford,175,178,330,330,468,472,100,104,216,224,452,456,452,456,190,190,211,211,152,152,450,450,218,218,191,195,118,118,114,122,496,496,,147.083333,-37.96666702,38,Axis porcinus,Tissue,,Stratford,M,0
39,Stratford,175,178,327,327,472,472,100,104,224,224,452,456,452,456,190,196,211,211,156,156,450,450,212,218,191,191,118,118,122,122,496,496,,147.083333,-37.96666702,39,Axis porcinus,Tissue,,Stratford,M,0
375,Stratford,175,178,330,330,472,480,100,104,216,216,456,460,452,452,190,190,205,211,152,156,450,450,218,218,191,191,130,130,114,122,496,496,,147.083333,-37.96666702,375,Axis porcinus,Tissue,,Stratford,M,0
377,Stratford,175,178,330,330,468,468,100,104,224,224,456,456,452,456,190,196,211,211,156,156,450,450,218,218,191,191,118,118,122,122,496,496,,147.083333,-37.96666702,377,Axis porcinus,Tissue,,Stratford,M,0
379,Stratford,175,178,330,330,468,468,104,104,216,224,452,456,452,452,190,190,211,211,156,156,450,450,218,218,191,191,118,118,114,122,496,496,,147.083333,-37.96666702,379,Axis porcinus,Tissue,,Stratford,M,0
384,Stratford,175,178,330,330,472,472,104,104,216,224,452,456,452,456,190,196,211,211,156,156,450,450,212,218,191,191,118,118,122,122,496,496,,147.083333,-37.96666702,384,Axis porcinus,Tissue,,Stratford,M,0
386,Stratford,178,178,330,330,476,480,104,104,216,226,456,460,452,452,190,190,205,211,156,156,450,450,218,218,191,195,118,130,122,122,496,496,,147.083333,-37.96666702,386,Axis porcinus,Tissue,,Stratford,M,0
396,Stratford,175,178,327,327,468,476,100,104,224,224,452,456,452,452,190,196,205,211,156,156,450,450,212,218,191,195,130,130,114,118,496,496,,147.083333,-37.96666702,396,Axis porcinus,Tissue,,Stratford,M,0
397,Stratford,178,178,327,330,468,468,104,104,216,216,452,452,452,452,190,190,205,211,156,156,450,450,218,218,191,195,118,118,114,122,496,496,,147.083333,-37.96666702,397,Axis porcinus,Tissue,,Stratford,F,0
915,Stratford,0,0,330,330,0,0,104,104,216,224,0,0,0,0,190,196,205,211,156,156,450,450,218,218,191,191,118,118,114,114,496,496,,147.083333,-37.96666702,915,Axis porcinus,Tissue,,Stratford,M,4
926,Stratford,0,0,330,330,0,0,100,100,224,224,0,0,0,0,190,196,211,211,156,156,450,450,218,218,191,195,118,118,122,122,496,496,,147.083333,-37.96666702,926,Axis porcinus,Tissue,,Stratford,M,4
901,Stratford,178,178,327,330,468,472,104,104,216,224,456,456,452,452,190,196,205,211,156,156,446,450,218,218,191,195,118,118,114,122,496,496,,147.083333,-37.96666702,901,Axis porcinus,Tongue,4/16/2017,Stratford,F,0
5597,Stratford,178,178,330,330,468,468,100,104,224,224,452,456,0,0,190,196,211,211,156,156,450,450,218,218,191,191,118,118,122,122,496,496,,147.083333,-37.96666702,5597,Axis porcinus,skin,4/27/2019,Stratford,F,1
5676,Stratford,178,178,327,330,468,468,104,104,216,224,452,452,452,452,190,196,211,211,152,156,450,450,218,218,191,191,118,118,114,118,496,496,,147.083333,-37.96666702,5676,Axis porcinus,skin,43557,Stratford,F,0
6283,Stratford,178,178,330,330,468,468,104,104,216,224,452,452,452,452,190,196,205,205,156,156,450,450,218,218,191,191,118,130,122,122,496,496,,147.083333,-37.96666702,6283,Axis porcinus,skin,4/28/2019,Stratford,F,0
262,Sunday Island,178,178,327,327,476,476,100,104,216,216,452,452,452,452,190,196,205,211,152,152,450,450,218,218,191,191,130,130,114,122,496,496,,146.6233331,-38.71168252,262,Axis porcinus,Tissue,,Sunday Island,F,0
265,Sunday Island,178,178,327,330,468,476,100,104,216,224,452,456,452,452,190,196,205,211,152,156,450,450,212,218,191,191,130,130,118,122,496,496,,146.6233331,-38.71168252,265,Axis porcinus,Tissue,,Sunday Island,M,0
280,Sunday Island,178,178,327,330,472,476,100,100,216,216,452,456,452,452,190,190,211,211,152,156,450,450,218,218,191,191,118,130,114,118,496,496,,146.6233331,-38.71168252,280,Axis porcinus,Tissue,,Sunday Island,F,0
285,Sunday Island,178,178,327,327,468,476,100,104,216,224,452,456,452,452,190,196,211,211,152,156,450,450,212,218,191,195,118,130,118,122,496,496,,146.6233331,-38.71168252,285,Axis porcinus,Tissue,,Sunday Island,F,0
294,Sunday Island,175,178,327,327,468,472,104,104,216,224,452,456,452,452,190,196,211,211,156,156,450,450,212,218,191,195,130,130,114,118,496,496,,146.6233331,-38.71168252,294,Axis porcinus,Tissue,,Sunday Island,M,0
295,Sunday Island,178,178,327,327,468,472,100,104,216,224,452,452,452,452,190,190,205,205,152,156,450,450,218,218,195,195,118,130,114,122,496,496,,146.6233331,-38.71168252,295,Axis porcinus,Tissue,,Sunday Island,F,0
298,Sunday Island,178,178,327,327,468,468,104,104,216,216,452,452,452,452,190,190,211,211,152,156,450,450,218,218,195,195,130,130,122,122,496,496,,146.6233331,-38.71168252,298,Axis porcinus,Tissue,,Sunday Island,F,0
299,Sunday Island,178,178,327,330,468,468,100,100,216,224,452,452,452,452,190,190,205,211,156,156,450,450,215,218,191,195,118,130,114,118,496,496,,146.6233331,-38.71168252,299,Axis porcinus,Tissue,,Sunday Island,F,0
328,Sunday Island,178,178,327,330,472,476,100,104,216,216,452,452,0,0,190,196,205,211,152,156,0,0,218,218,0,0,118,130,114,122,496,496,,146.6233331,-38.71168252,328,Axis porcinus,Tissue,,Sunday Island,F,3
401,Sunday Island,178,178,327,327,468,472,100,104,216,224,452,456,452,452,190,196,211,211,152,156,450,450,218,218,191,195,118,130,114,122,496,496,,146.6233331,-38.71168252,401,Axis porcinus,Tissue,,Sunday Island,M,0
402,Sunday Island,178,178,327,327,468,472,100,104,216,224,452,456,452,452,190,190,211,211,152,152,450,450,212,218,191,195,118,118,114,118,496,496,,146.6233331,-38.71168252,402,Axis porcinus,Tissue,,Sunday Island,M,0
405,Sunday Island,178,178,327,327,468,476,104,104,216,224,452,452,452,452,190,190,211,211,156,156,450,450,218,218,191,195,118,130,122,122,496,496,,146.6233331,-38.71168252,405,Axis porcinus,Tissue,,Sunday Island,M,0
408,Sunday Island,175,178,327,330,468,472,100,100,216,224,452,452,452,452,190,196,211,211,156,156,446,450,218,218,191,195,118,130,122,122,496,496,,146.6233331,-38.71168252,408,Axis porcinus,Tissue,,Sunday Island,M,0
411,Sunday Island,178,178,327,327,472,472,104,104,216,216,452,452,452,452,190,196,205,211,152,156,450,450,218,218,195,195,118,118,118,122,496,496,,146.6233331,-38.71168252,411,Axis porcinus,Tissue,,Sunday Island,F,0
418,Sunday Island,175,178,327,330,468,476,100,104,216,224,452,452,452,452,190,196,205,205,156,156,450,450,218,218,191,191,118,118,114,122,496,496,,146.6233331,-38.71168252,418,Axis porcinus,Tissue,,Sunday Island,M,0
425,Sunday Island,178,178,327,327,472,472,96,104,216,224,452,452,452,452,190,190,211,211,152,156,450,450,218,218,191,195,118,118,114,122,496,496,,146.6233331,-38.71168252,425,Axis porcinus,Tissue,,Sunday Island,M,0
428,Sunday Island,178,178,327,330,472,476,100,104,216,224,452,452,452,452,190,190,205,211,152,156,450,450,218,218,191,195,118,118,118,122,496,496,,146.6233331,-38.71168252,428,Axis porcinus,Tissue,,Sunday Island,F,0
431,Sunday Island,175,178,327,327,468,476,100,100,216,224,452,452,452,452,196,196,205,211,156,156,450,450,218,218,191,195,118,130,114,118,496,496,,146.6233331,-38.71168252,431,Axis porcinus,Tissue,,Sunday Island,M,0
433,Sunday Island,178,178,327,327,476,476,104,104,216,224,452,456,452,452,190,196,211,211,156,156,450,450,212,218,191,191,118,118,114,122,496,496,,146.6233331,-38.71168252,433,Axis porcinus,Tissue,,Sunday Island,F,0
434,Sunday Island,178,178,327,327,468,468,100,104,216,224,452,452,452,452,190,190,205,211,152,156,450,450,218,218,195,195,130,130,114,118,496,496,,146.6233331,-38.71168252,434,Axis porcinus,Tissue,,Sunday Island,F,0
437,Sunday Island,178,178,327,327,468,472,104,104,216,216,452,452,452,452,190,190,205,211,152,156,450,450,218,218,191,195,118,130,122,122,496,496,,146.6233331,-38.71168252,437,Axis porcinus,Tissue,,Sunday Island,F,0
438,Sunday Island,178,178,327,327,468,472,104,104,216,216,452,452,452,452,190,190,211,211,156,156,450,450,218,218,195,195,118,130,114,122,496,496,,146.6233331,-38.71168252,438,Axis porcinus,Tissue,,Sunday Island,M,0
440,Sunday Island,178,178,327,327,476,476,104,104,216,224,452,456,452,452,196,196,211,211,156,156,450,450,212,218,191,191,118,130,114,114,496,496,,146.6233331,-38.71168252,440,Axis porcinus,Tissue,,Sunday Island,F,0
442,Sunday Island,175,178,327,327,472,472,100,104,216,224,452,456,452,452,190,190,0,0,156,156,450,450,218,218,195,195,118,118,114,118,496,496,,146.6233331,-38.71168252,442,Axis porcinus,Tissue,,Sunday Island,M,1
2695,Sunday Island,178,178,327,330,476,476,100,104,216,216,452,452,452,452,190,190,205,211,156,156,450,450,218,218,195,195,118,118,118,118,496,496,,146.6233331,-38.71168252,2695,Axis porcinus,Tissue,,Sunday Island,F,0
2714,Sunday Island,178,178,327,327,468,476,104,104,216,224,452,456,452,452,190,190,205,211,152,156,0,0,218,218,195,195,130,130,118,118,496,496,,146.6233331,-38.71168252,2714,Axis porcinus,Tissue,,Sunday Island,F,1
2807,Sunday Island,178,178,327,330,468,472,104,104,216,216,452,456,452,452,190,190,211,211,152,156,450,450,218,218,191,195,118,118,118,118,496,496,,146.6233331,-38.71168252,2807,Axis porcinus,Tissue,,Sunday Island,F,0
270608,Sunday Island,178,178,327,327,468,476,104,104,216,216,452,456,452,452,190,196,211,211,156,156,450,450,218,218,195,195,118,130,118,118,496,496,,146.6233331,-38.71168252,270608,Axis porcinus,Tissue,,Sunday Island,M,0
H201475 ,Sunday Island,178,178,327,327,468,472,104,104,216,224,452,452,452,452,190,196,211,211,152,156,446,450,218,218,191,195,118,118,118,122,496,496,,146.6233331,-38.71168252,H201475 ,Axis porcinus,Tissue,,Sunday Island,F,0
H270308 ,Sunday Island,175,178,327,327,468,476,100,104,216,216,452,452,452,452,190,196,205,211,152,152,450,450,212,218,191,195,118,118,114,122,496,496,,146.6233331,-38.71168252,H270308 ,Axis porcinus,Tissue,,Sunday Island,M,0
H276708 ,Sunday Island,178,178,327,330,468,476,104,104,216,224,452,456,452,452,190,190,211,211,152,152,446,446,218,218,195,195,118,130,114,122,496,496,,146.6233331,-38.71168252,H276708 ,Axis porcinus,Tissue,,Sunday Island,F,0
H281808 ,Sunday Island,178,178,327,330,472,476,104,104,216,216,452,452,452,452,190,190,0,0,152,156,0,0,0,0,0,0,118,130,114,114,496,496,,146.6233331,-38.71168252,H281808 ,Axis porcinus,Tissue,,Sunday Island,F,4
101,Tarraville,178,178,327,327,472,472,100,100,224,224,452,456,452,456,190,190,211,211,156,156,446,446,218,218,191,195,118,130,122,122,496,496,,146.7204985,-38.62804739,101,Axis porcinus,Tissue,,Tarraville,F,0
123,Tarraville,175,178,330,330,472,476,104,104,216,224,452,456,452,456,190,190,205,205,156,156,450,450,218,218,191,195,118,118,118,122,496,496,,146.7204985,-38.62804739,123,Axis porcinus,Tissue,,Tarraville,M,0
129,Tarraville,175,178,327,330,476,476,104,104,216,224,452,456,452,452,196,196,205,211,156,156,446,450,218,218,191,195,118,118,114,114,496,496,,146.7204985,-38.62804739,129,Axis porcinus,Tissue,,Tarraville,M,0
604,Tarraville,175,178,327,330,468,472,104,104,216,224,452,452,452,452,190,196,205,211,152,156,446,450,218,218,195,195,118,118,114,122,496,496,,146.7204985,-38.62804739,604,Axis porcinus,Tissue,,Tarraville,M,0
609,Tarraville,178,178,327,327,472,476,104,104,216,224,452,456,452,452,190,190,205,211,152,156,446,450,218,218,195,195,130,130,114,118,496,496,,146.7204985,-38.62804739,609,Axis porcinus,Tissue,,Tarraville,F,0
615,Tarraville,175,178,330,330,476,476,104,104,216,224,452,452,452,452,190,190,205,211,152,156,446,450,218,218,195,195,118,118,122,122,496,496,,146.7204985,-38.62804739,615,Axis porcinus,Tissue,,Tarraville,M,0
621,Tarraville,175,178,327,327,472,472,104,104,216,224,452,452,452,452,190,190,211,211,156,156,450,450,218,218,195,195,118,118,114,114,496,496,,146.7204985,-38.62804739,621,Axis porcinus,Tissue,,Tarraville,M,0
632,Tarraville,175,178,330,330,468,472,104,104,216,224,452,456,452,452,196,196,205,205,152,152,450,450,218,218,195,195,118,118,122,122,496,496,,146.7204985,-38.62804739,632,Axis porcinus,Tissue,,Tarraville,M,0
815,Tarraville,178,178,327,327,472,476,104,104,216,224,452,452,0,0,190,190,205,211,156,156,450,450,212,218,191,195,118,118,122,122,496,496,,146.7204985,-38.62804739,815,Axis porcinus,Tongue,43043,Tarraville,F,1
819,Tarraville,175,178,330,330,468,476,104,104,216,224,452,456,0,0,190,196,205,205,156,156,446,450,218,218,191,195,118,118,122,122,496,496,,146.7204985,-38.62804739,819,Axis porcinus,Tongue,43073,Tarraville,M,1
826,Tarraville,175,178,327,330,468,472,100,104,216,224,452,452,0,0,190,196,205,205,152,156,446,450,218,218,195,195,118,130,114,118,496,496,,146.7204985,-38.62804739,826,Axis porcinus,Tongue,4/19/2017,Tarraville,M,1
105,Tarwin lower,175,178,327,327,468,472,100,100,216,224,456,456,452,456,190,196,205,211,152,156,450,450,212,218,191,195,118,118,114,114,496,496,,145.9087155,-38.7377901,105,Axis porcinus,Tongue,42008,Tarwin lower,M,0
5579,Wattle Point,178,178,327,327,468,468,100,100,216,224,452,456,0,0,190,190,211,211,156,156,450,450,218,218,191,195,130,130,118,118,496,496,,147.6276142,-37.9715724,5579,Axis porcinus,skin,43556,Wattle Point,F,1
830,Welshpool,175,178,327,330,472,476,100,104,216,224,452,452,0,0,190,196,211,211,152,156,450,450,212,218,191,195,118,118,114,122,496,496,,146.433333,-38.66666699,830,Axis porcinus,Tongue,4/21/2017,Welshpool,M,1
5703,Welshpool,175,178,327,327,468,468,100,104,216,216,456,456,452,452,190,190,211,211,152,156,450,450,218,218,191,195,130,130,118,118,496,496,,146.433333,-38.66666699,5703,Axis porcinus,skin,43557,Welshpool,M,0
5704,Welshpool,178,178,327,330,472,476,104,104,224,224,452,456,452,452,190,196,205,211,152,156,450,450,218,218,191,195,130,130,114,118,496,496,,146.433333,-38.66666699,5704,Axis porcinus,skin,43557,Welshpool,F,0
6,Wilsons Prom,175,178,330,330,468,468,104,104,216,216,452,456,452,456,190,190,211,211,156,156,450,450,218,218,195,195,118,130,114,114,496,496,,146.3682268,-38.95885586,6,Axis porcinus,Tissue,,Wilsons Prom,M,0
7,Wilsons Prom,178,178,330,330,472,476,104,104,216,224,452,456,452,456,196,196,205,211,156,156,450,450,218,218,195,195,118,130,114,122,496,496,,146.3682268,-38.95885586,7,Axis porcinus,Tissue,,Wilsons Prom,F,0
9,Wilsons Prom,178,178,330,330,472,472,100,104,216,224,452,456,452,452,196,196,211,211,156,156,450,450,218,218,191,195,118,118,114,122,496,496,,146.3682268,-38.95885586,9,Axis porcinus,Tissue,,Wilsons Prom,M,0
10,Wilsons Prom,178,178,327,327,468,472,104,104,216,224,456,456,452,456,190,196,205,211,156,156,450,450,218,218,195,195,118,130,114,114,496,496,,146.3682268,-38.95885586,10,Axis porcinus,Tissue,,Wilsons Prom,F,0
132,Wilsons Prom,178,178,327,330,468,472,104,104,216,216,452,452,452,452,190,196,211,211,152,156,450,450,218,218,195,195,118,130,114,118,496,496,,146.3682268,-38.95885586,132,Axis porcinus,Tissue,,Wilsons Prom,F,0
133,Wilsons Prom,175,178,327,327,468,476,104,104,216,224,452,452,452,452,196,196,211,211,156,156,450,450,218,218,195,195,118,118,114,118,496,496,,146.3682268,-38.95885586,133,Axis porcinus,Tissue,,Wilsons Prom,M,0
136,Wilsons Prom,178,178,327,327,468,472,100,104,216,216,452,456,452,452,190,196,205,211,156,156,450,450,218,218,195,195,118,118,118,122,496,496,,146.3682268,-38.95885586,136,Axis porcinus,Tissue,,Wilsons Prom,F,0
137,Wilsons Prom,178,178,327,330,468,476,100,104,216,224,452,456,452,456,190,190,211,211,156,156,450,450,218,218,195,195,118,130,118,118,0,0,,146.3682268,-38.95885586,137,Axis porcinus,Tissue,,Wilsons Prom,F,1
138,Wilsons Prom,178,178,330,330,468,472,100,100,216,224,452,456,452,452,190,196,211,211,152,156,450,450,218,218,195,195,118,130,118,122,496,496,,146.3682268,-38.95885586,138,Axis porcinus,Tissue,,Wilsons Prom,M,0
139,Wilsons Prom,175,178,327,330,468,472,100,100,224,224,456,456,452,456,190,190,211,211,152,156,450,450,218,218,195,195,118,118,114,122,496,496,,146.3682268,-38.95885586,139,Axis porcinus,Tissue,,Wilsons Prom,M,0
140,Wilsons Prom,175,178,330,330,472,476,100,104,216,224,456,456,452,456,190,194,205,211,152,156,450,450,218,218,195,195,118,130,114,114,496,496,,146.3682268,-38.95885586,140,Axis porcinus,Tissue,,Wilsons Prom,M,0
141,Wilsons Prom,178,178,327,330,468,468,104,104,216,224,452,452,452,452,190,194,211,211,152,156,450,450,212,218,195,195,118,130,114,118,0,0,,146.3682268,-38.95885586,141,Axis porcinus,Tissue,,Wilsons Prom,F,1
142,Wilsons Prom,175,178,327,330,468,468,100,100,224,224,452,456,452,452,190,194,211,211,156,156,450,450,218,218,195,195,118,118,114,118,496,496,,146.3682268,-38.95885586,142,Axis porcinus,Tissue,,Wilsons Prom,M,0
145,Wilsons Prom,178,178,330,330,468,476,104,104,216,224,452,456,452,452,196,196,205,211,156,156,450,450,218,218,195,195,118,118,118,118,496,496,,146.3682268,-38.95885586,145,Axis porcinus,Tissue,,Wilsons Prom,F,0
147,Wilsons Prom,178,178,330,330,468,472,104,104,224,224,456,456,452,452,196,196,211,211,152,156,450,450,218,218,195,195,118,118,114,118,496,496,,146.3682268,-38.95885586,147,Axis porcinus,Tissue,,Wilsons Prom,M,0
148,Wilsons Prom,178,178,327,330,468,472,104,104,216,224,452,456,452,456,190,190,205,211,156,156,450,450,218,218,191,195,118,118,122,122,496,496,,146.3682268,-38.95885586,148,Axis porcinus,Tissue,,Wilsons Prom,F,0
150,Wilsons Prom,178,178,327,327,468,468,100,104,224,224,452,456,452,456,190,190,205,211,156,156,450,450,212,218,191,195,118,118,114,118,496,496,,146.3682268,-38.95885586,150,Axis porcinus,Tissue,,Wilsons Prom,F,0
321,Wilsons Prom,178,178,327,327,468,468,104,104,216,224,456,456,0,0,190,190,205,211,156,156,450,450,218,218,195,195,118,130,118,122,496,496,,146.3682268,-38.95885586,321,Axis porcinus,Tissue,,Wilsons Prom,M,1
637,Wilsons Prom,178,178,327,330,468,468,100,104,216,224,452,456,452,452,196,196,211,211,156,156,450,450,218,218,191,195,118,130,118,118,496,496,,146.3682268,-38.95885586,637,Axis porcinus,Tissue,,Wilsons Prom,M,0
638,Wilsons Prom,178,178,327,327,468,468,104,104,216,216,456,456,452,452,190,196,205,211,156,156,450,450,218,218,191,195,130,130,114,122,496,496,,146.3682268,-38.95885586,638,Axis porcinus,Tissue,,Wilsons Prom,F,0
640,Wilsons Prom,178,178,327,327,468,468,104,104,216,216,452,456,452,456,190,196,211,211,152,156,450,450,218,218,195,195,118,118,114,118,496,496,,146.3682268,-38.95885586,640,Axis porcinus,Tissue,,Wilsons Prom,F,0
641,Wilsons Prom,178,178,327,330,472,476,104,104,216,216,452,456,452,456,190,196,205,211,152,156,450,450,218,218,191,195,118,118,118,118,496,496,,146.3682268,-38.95885586,641,Axis porcinus,Tissue,,Wilsons Prom,F,0
642,Wilsons Prom,175,178,327,330,468,472,104,104,216,224,456,456,452,456,190,196,211,211,152,156,450,450,218,218,195,195,118,118,0,0,496,496,,146.3682268,-38.95885586,642,Axis porcinus,Tissue,,Wilsons Prom,M,1
643,Wilsons Prom,175,178,330,330,472,472,100,100,216,216,452,456,452,452,190,196,205,211,156,156,450,450,218,218,195,195,118,118,118,118,0,0,,146.3682268,-38.95885586,643,Axis porcinus,Tissue,,Wilsons Prom,M,1
644,Wilsons Prom,178,178,327,330,468,472,104,104,216,224,456,456,452,452,196,196,205,211,156,156,450,450,218,218,191,195,118,130,114,118,496,496,,146.3682268,-38.95885586,644,Axis porcinus,Tissue,,Wilsons Prom,M,0
646,Wilsons Prom,178,178,327,330,468,476,100,100,216,224,452,456,452,456,190,190,211,211,156,156,450,450,212,218,195,195,118,118,118,118,496,496,,146.3682268,-38.95885586,646,Axis porcinus,Tissue,,Wilsons Prom,F,0
650,Wilsons Prom,178,178,327,330,472,476,100,100,216,224,452,452,452,452,190,190,205,211,156,156,450,450,218,218,195,195,118,118,0,0,496,496,,146.3682268,-38.95885586,650,Axis porcinus,Tissue,,Wilsons Prom,F,1
MV005 ,Wilsons Prom,178,178,327,330,468,468,100,104,216,216,456,456,452,456,190,196,211,211,152,156,450,450,218,218,195,195,118,130,0,0,496,496,,146.3682268,-38.95885586,MV005 ,Axis porcinus,Tissue,,Wilsons Prom,F,1
MV007 ,Wilsons Prom,178,178,327,330,468,472,100,104,216,224,452,452,452,452,190,190,211,211,152,156,450,450,218,218,195,195,118,118,118,118,496,496,,146.3682268,-38.95885586,MV007 ,Axis porcinus,Tissue,,Wilsons Prom,M,0
MV010 ,Wilsons Prom,175,175,327,330,468,476,100,100,224,224,452,456,452,452,190,190,205,211,156,156,450,450,218,218,195,195,118,130,114,122,496,496,,146.3682268,-38.95885586,MV010 ,Axis porcinus,Tissue,,Wilsons Prom,M,0
Z52264 ,Wilsons Prom,178,178,330,330,476,476,104,104,216,224,452,452,452,452,190,196,211,211,156,156,450,450,218,218,195,195,118,118,114,114,496,496,,146.3682268,-38.95885586,Z52264 ,Axis porcinus,Tissue,,Wilsons Prom,F,0
Z52272 ,Wilsons Prom,178,178,327,330,472,472,100,104,224,224,452,452,452,452,190,190,211,211,152,156,450,450,218,218,191,195,118,118,0,0,496,496,,146.3682268,-38.95885586,Z52272 ,Axis porcinus,Tissue,,Wilsons Prom,M,1
645,Wilsons Prom,175,178,327,327,468,468,100,104,216,224,452,452,452,452,190,196,211,211,152,156,450,450,218,218,195,195,130,130,114,118,0,0,,146.3682268,-38.95885586,645,Axis porcinus,Liver,8/23/2016,Wilsons Prom,M,1
MV014,Wilsons Prom,175,178,327,330,468,476,100,104,216,224,452,452,452,452,190,190,211,211,152,156,450,450,218,218,195,195,118,118,118,118,496,496,,146.3682268,-38.95885586,MV014,Axis porcinus,Liver,42217,Wilsons Prom,M,0
Z52209,Wilsons Prom,175,175,327,327,468,468,100,104,216,216,456,456,452,456,196,196,211,211,152,156,450,450,212,218,191,195,118,118,0,0,0,0,,146.3682268,-38.95885586,Z52209,Axis porcinus,Liver,42217,Wilsons Prom,M,2
600,Woodside,175,178,330,330,472,476,104,104,216,224,452,456,452,452,190,190,205,205,156,156,450,450,212,218,191,195,118,118,118,122,496,496,,146.8950786,-38.52062017,600,Axis porcinus,Tongue,42373,Woodside,M,0
893,Woodside,175,178,330,330,468,472,100,104,224,224,0,0,452,452,196,196,205,211,156,156,450,450,212,218,191,195,118,118,114,118,496,496,,146.8950786,-38.52062017,893,Axis porcinus,Tongue,4/17/2017,Woodside,M,1
102,Yanakie,175,178,327,330,468,468,100,104,216,216,452,456,452,456,190,190,211,211,152,156,450,450,218,218,195,195,118,130,118,122,496,496,,146.2223893,-38.80714779,102,Axis porcinus,Tissue,,Yanakie,M,0
110,Yanakie,175,178,327,327,468,472,100,104,216,224,452,456,452,456,190,196,205,205,152,156,450,450,218,218,195,195,130,130,114,114,496,496,,146.2223893,-38.80714779,110,Axis porcinus,Tissue,,Yanakie,M,0
112,Yanakie,175,178,327,330,468,472,100,104,224,224,452,456,452,456,190,196,205,211,156,156,450,450,218,218,195,195,118,130,114,118,496,496,,146.2223893,-38.80714779,112,Axis porcinus,Tissue,,Yanakie,M,0
117,Yanakie,175,178,327,330,468,476,100,100,216,224,452,456,452,456,190,196,205,205,156,156,450,450,218,218,195,195,118,130,114,118,496,496,,146.2223893,-38.80714779,117,Axis porcinus,Tissue,,Yanakie,M,0
118,Yanakie,178,178,327,330,468,476,104,104,216,216,452,456,452,456,190,190,211,211,156,156,450,450,218,218,195,195,130,130,114,118,496,496,,146.2223893,-38.80714779,118,Axis porcinus,Tissue,,Yanakie,F,0
122,Yanakie,175,178,330,330,472,476,104,104,216,224,456,456,452,456,190,190,205,205,152,156,450,450,212,218,195,195,118,118,122,122,496,496,,146.2223893,-38.80714779,122,Axis porcinus,Tissue,,Yanakie,M,0
124,Yanakie,175,178,327,327,468,472,104,104,216,224,452,452,452,452,190,190,211,211,156,156,450,450,218,218,191,195,130,130,114,122,496,496,,146.2223893,-38.80714779,124,Axis porcinus,Tissue,,Yanakie,M,0
128,Yanakie,175,178,327,327,468,468,100,104,216,216,452,452,452,452,196,196,211,211,156,156,450,450,218,218,191,195,118,130,118,122,496,496,,146.2223893,-38.80714779,128,Axis porcinus,Tissue,,Yanakie,M,0
130,Yanakie,178,178,327,327,468,468,100,104,216,216,456,456,452,456,196,196,211,211,156,156,450,450,218,218,195,195,118,130,118,122,496,496,,146.2223893,-38.80714779,130,Axis porcinus,Tissue,,Yanakie,F,0
612,Yanakie,178,178,327,330,472,476,104,104,216,224,452,456,452,452,190,190,205,211,156,156,450,450,218,218,195,195,130,130,118,122,0,0,,146.2223893,-38.80714779,612,Axis porcinus,Tissue,,Yanakie,F,1
617,Yanakie,175,178,327,330,476,476,100,100,224,224,452,456,452,452,190,190,205,205,152,156,450,450,218,218,191,195,118,130,122,122,0,0,,146.2223893,-38.80714779,617,Axis porcinus,Tissue,,Yanakie,M,1
619,Yanakie,175,178,327,330,468,468,100,100,216,216,452,456,452,452,190,190,211,211,156,156,446,450,218,218,191,195,118,130,118,122,0,0,,146.2223893,-38.80714779,619,Axis porcinus,Tissue,,Yanakie,M,1
620,Yanakie,178,178,327,330,468,472,100,100,224,224,452,456,452,456,190,190,205,211,152,152,450,450,218,218,195,195,118,130,114,118,0,0,,146.2223893,-38.80714779,620,Axis porcinus,Tissue,,Yanakie,F,1
625,Yanakie,175,178,327,327,468,468,100,104,216,224,452,452,452,452,190,196,211,211,156,156,450,450,215,218,195,195,130,130,122,122,0,0,,146.2223893,-38.80714779,625,Axis porcinus,Tissue,,Yanakie,M,1
628,Yanakie,175,178,327,330,468,476,100,104,216,224,452,456,452,452,196,196,205,211,156,156,450,450,215,218,195,195,118,130,118,122,0,0,,146.2223893,-38.80714779,628,Axis porcinus,Tissue,,Yanakie,M,1
629,Yanakie,175,178,327,330,468,472,100,104,216,216,452,452,452,452,190,190,205,211,156,156,450,450,218,218,191,195,118,118,114,122,0,0,,146.2223893,-38.80714779,629,Axis porcinus,Tissue,,Yanakie,M,1
630,Yanakie,175,178,327,330,472,472,104,104,216,216,456,456,452,456,190,196,211,211,156,156,450,450,218,218,191,195,118,118,114,114,0,0,,146.2223893,-38.80714779,630,Axis porcinus,Tissue,,Yanakie,M,1
631,Yanakie,175,178,327,327,472,472,100,104,216,224,456,456,452,456,190,196,205,211,152,156,450,450,218,218,195,195,118,130,114,114,496,496,,146.2223893,-38.80714779,631,Axis porcinus,Tissue,,Yanakie,M,0
829,Yanakie,0,0,330,330,0,0,100,100,216,216,0,0,0,0,190,196,205,211,156,156,450,450,218,218,195,195,118,130,118,122,0,0,,146.2223893,-38.80714779,829,Axis porcinus,Tissue,,Yanakie,F,5
831,Yanakie,0,0,327,330,0,0,100,104,216,224,0,0,0,0,190,196,211,211,156,156,450,450,218,218,195,195,118,130,118,122,0,0,,146.2223893,-38.80714779,831,Axis porcinus,Tissue,,Yanakie,M,5
605,Yanakie,175,178,327,330,468,476,100,104,224,224,456,456,452,452,190,196,205,211,156,156,450,450,218,218,195,195,118,130,118,122,496,496,,146.2223893,-38.80714779,605,Axis porcinus,skin,42404,Yanakie,M,0
114,Yanakie,178,178,327,330,468,468,104,104,216,224,452,452,452,452,190,196,211,211,156,156,450,450,218,218,195,195,118,130,118,122,496,496,,146.2223893,-38.80714779,114,Axis porcinus,Tongue,42189,Yanakie,F,0
816,Yanakie,178,178,327,330,472,476,100,100,224,224,452,456,0,0,190,196,205,205,156,156,450,450,218,218,195,195,118,118,122,122,496,496,,146.2223893,-38.80714779,816,Axis porcinus,Tongue,43073,Yanakie,F,1
823,Yanakie,0,0,327,327,468,472,100,104,216,216,452,452,452,452,190,196,211,211,156,156,450,450,218,218,191,191,118,118,114,118,496,496,,146.2223893,-38.80714779,823,Axis porcinus,Tongue,4/17/17,Yanakie,F,1
825,Yanakie,178,178,327,330,468,472,104,104,216,224,452,456,0,0,190,190,205,211,156,156,450,450,212,218,195,195,118,130,122,122,496,496,,146.2223893,-38.80714779,825,Axis porcinus,skin,4/17/17,Yanakie,F,1
827,Yanakie,178,178,327,330,468,468,100,100,216,224,456,456,452,452,190,196,205,211,152,156,450,450,218,218,195,195,118,130,114,118,496,496,,146.2223893,-38.80714779,827,Axis porcinus,skin,4/20/17,Yanakie,F,0
5716,Yanakie,178,178,327,327,468,476,100,100,224,224,452,456,0,0,190,190,205,205,156,156,450,450,218,218,195,195,130,130,114,118,496,496,,146.2223893,-38.80714779,5716,Axis porcinus,skin,4/21/2019,Yanakie,F,1
5717,Yanakie,178,178,327,330,468,468,104,104,224,224,452,456,0,0,196,196,205,211,156,156,450,450,218,218,195,195,130,130,122,122,496,496,,146.2223893,-38.80714779,5717,Axis porcinus,skin,4/20/2019,Yanakie,F,1
127,Yarram,175,178,327,330,472,476,104,104,224,224,452,452,452,452,196,196,211,211,156,156,446,450,218,218,191,195,118,118,118,122,496,496,,146.675104,-38.56559426,127,Axis porcinus,Tongue,4/29/2015,Yarram,M,0
616,Yarram,178,178,327,330,468,476,100,100,216,216,452,456,452,456,190,190,211,211,156,156,446,450,212,218,191,195,118,130,118,122,496,496,,146.675104,-38.56559426,616,Axis porcinus,Tongue,42494,Yarram,F,0
5656,Yarram,178,178,327,330,468,472,100,104,216,224,452,452,452,452,190,196,205,211,152,152,450,450,212,218,191,195,118,130,114,118,496,496,,146.675104,-38.56559426,5656,Axis porcinus,skin,43556,Yarram,F,0
5659,Yarram,175,178,327,330,468,472,100,104,216,224,452,452,452,452,196,196,211,211,156,156,450,450,218,218,191,195,118,130,122,122,496,496,,146.675104,-38.56559426,5659,Axis porcinus,skin,43556,Yarram,M,0
5702,Yarram,175,178,327,327,476,476,104,104,216,224,452,452,0,0,190,196,205,211,156,156,446,450,218,218,191,195,118,118,122,122,496,496,,146.675104,-38.56559426,5702,Axis porcinus,skin,43557,Yarram,M,1
802,Yarram,175,178,327,327,468,476,100,100,224,224,456,456,452,452,190,190,211,211,152,156,450,450,212,212,195,195,118,130,114,118,496,496,,146.675104,-38.56559426,802,Axis porcinus,Tongue,42739,Yarram,M,0
806,Yarram,175,178,327,327,468,472,100,104,224,224,452,452,452,452,190,196,211,211,156,156,450,450,218,218,191,195,118,130,122,122,496,496,,146.675104,-38.56559426,806,Axis porcinus,Tongue,42739,Yarram,M,0
861,Yarram,175,178,327,330,472,472,104,104,216,224,452,452,452,452,196,196,211,211,156,156,450,450,218,218,191,191,118,130,114,118,496,496,,146.675104,-38.56559426,861,Axis porcinus,Tongue,42770,Yarram,M,0
